Workbook

Sheet WIN５ (馬名) (1222_1)
Q2: 45648 | U2: 日曜日
B3: 中山9R | F3: 京都10R | J3: 中山10R | N3: 京都11R | R3: 中山11R
B4: グッドラックハンデ（２５００ｍ） | F4: サンタクロスS（2000ｍ） | J4: オルフェーヴルC（1600ｍ） | N4: りんくうステークス（1200ｍ） | R4: 有馬記念（中山芝2500ｍ）
B5: 馬番 | C5: 人気 | D5: 人気順 | E5: １回目 | F5: 馬番 | G5: 人気 | H5: 人気順 | I5: ２回目 | J5: 馬番 | K5: 人気 | L5: 人気順 | M5: ３回目 | N5: 馬番 | O5: 人気 | P5: 人気順 | Q5: ４回目 | R5: 馬番 | S5: 人気 | T5: 人気順 | U5: ５回目
D6: 1 | E6: アイザックバローズ57川田将雅 | H6: 1 | I6: エラトー牝３ | L6: 1 | M6: アーレンダール牝５ | P6: 1 | Q6: エランティス55牝４ | R6: 1 | T6: 1 | U6: ダノンデサイル横山典弘
D7: 2 | E7: アバンデル55 | H7: 2 | I7: エリダヌス牝４ | L7: 2 | M7: ウインアイオライト牝４T.マーカンド | P7: 2 | Q7: エーティーマクフィ57 | R7: 2 | T7: 2 | U7: ドゥデュース武豊
D8: 3 | E8: ウインマイルート56H.ドイル | H8: 3 | I8: ガイアメンテ | L8: 3 | M8: ウインレイアー牝４Ｈ．ドイル | P8: 3 | Q8: オメガシンフォニー55牝４ | R8: 3 | T8: 3 | U8: アーバンシックＣ．ルメール
D9: 4 | E9: オリエンタルナイト54戸崎圭太 | H9: 4 | I9: ゲンパチムサシ | L9: 4 | M9: ケイケイ騙3 | P9: 4 | Q9: カルネアサーダ56牝５ | R9: 4 | T9: 4 | U9: ブローザホーン菅原明良
D10: 5 | E10: カナオールウェイズ54C.デムーロ | H10: 5 | I10: シャザーン | L10: 5 | M10: サロニコスC.デムーロ | P10: 5 | Q10: クリノマジン57 | R10: 5 | T10: 5 | U10: ベラジオオペラ横山和生
D11: 6 | E11: グランアルティスタ55武豊 | H11: 6 | I11: シュタールヴィント | L11: 6 | M11: ジッピーレーサー | P11: 6 | Q11: ジャングロ59団野大成 | R11: 6 | T11: 6 | U11: ローシャムパークT.マーカンド
D12: 7 | E12: サンライズソレイユ55坂井瑠星 | H12: 7 | I12: セレブレイトガイズ | L12: 7 | M12: ツルマウカタチ | P12: 7 | Q12: ジョーローリット54M.デムーロ | R12: 7 | T12: 7 | U12: スターズオンアース川田将雅
D13: 8 | E13: シュプリーム54 | H13: 8 | I13: ドットクルー | L13: 8 | M13: トーセントラム | P13: 8 | Q13: スターターン56 | R13: 8 | T13: 8 | U13: レガレイラ戸崎圭太
D14: 9 | E14: スズノマーベリック55騙8 | H14: 9 | I14: ニホンピロタイズ | L14: 9 | M14: ハワイアンタイム 騙４ | P14: 9 | Q14: ダノンセシボン55牝４ | R14: 9 | T14: 9 | U14: ディープボンド幸英明
D15: 10 | E15: スティンガーグラス56C.ルメール | H15: 10 | I15: ニューノーマル牝5 | L15: 10 | M15: ピックアチェリー牝３ | P15: 10 | Q15: ドンアミティエ57 | R15: 10 | T15: 10 | U15: プログノーシス三浦皇成
D16: 11 | E16: スピーディブレイク55T.マーカンド | H16: 11 | I16: ホウオウプロサンゲ | L16: 11 | M16: ブルトンクール牝５ | P16: 11 | Q16: ハチメンロッピ57 | R16: 11 | T16: 11 | U16: ジャスティンパレス坂井瑠星
D17: 12 | E17: ノーブルクライ56 | H17: 12 | I17: モズロックンロール | L17: 12 | M17: ユキノロイヤル | P17: 12 | Q17: パラシュラーマ57 | R17: 12 | T17: 12 | U17: シュトルーヴェ鮫島克駿
... D19: 14 | E19: プレイリードリーム56 | H19: 14 | I19: ワイドアラジン団野大成 | L19: 14 | M19: ラレーヌデリス牝４戸崎圭太 | P19: 14 | Q19: ボナンザ57 | R19: 14 | T19: 14 | U19: ダノンベルーガ松山弘平
D20: 15 | E20: フロムナウオン55 | H20: 15 | L20: 15 | M20: ルージュイストリア牝４ | P20: 15 | Q20: メズメライザー57騙5 | R20: 15 | T20: 15 | U20: ハヤヤッコ吉田豊
D21: 16 | E21: ホウオウサンデー | H21: 16 | L21: 16 | M21: ロゼル | P21: 16 | Q21: ロードラディウス57 | R21: 16 | T21: 16 | U21: シャフリヤールC.デムーロ
D22: 17 | H22: 17 | L22: 17 | P22: 17 | R22: 17 | T22: 17
D23: 18 | H23: 18 | L23: 18 | P23: 18 | R23: 18 | T23: 18

Sheet オッズデータ入力
A1: 46096 | F1: 日曜日 | AD1: WIN５
A2: 締切：14時45分 | F2: =NOW() | O2: ★★★
B3: WIN１ | G3: 1 | H3: 2 | I3: 3 | N3: WIN2 | S3: 1 | T3: 2 | U3: 3 | V3: 4 | W3: 5 | X3: 6 | Y3: 7 | Z3: WIN3 | AE3: 1 | AF3: 2 | AG3: 3 | AH3: 4 | AI3: 5 | AJ3: 6 | AK3: 7 | AL3: WIN4 ハンデ | AQ3: 1 | AR3: 2 | AS3: 3 | AT3: 4 | AU3: 5 | AV3: 6 | AW3: 7 | AX3: WIN5 | BC3: 1 | BD3: 2 | BE3: 3 | BF3: 4 | BG3: 5 | BH3: 6 | BI3: 7
A4: ランク | B4: 0.61805556 | G4: 性齢 | H4: 斤量 | I4: 騎手名 | N4: 0.625 | S4: 性齢 | T4: 斤量 | U4: 騎手名 | Z4: 0.63541667 | AE4: 性齢 | AF4: 斤量 | AG4: 騎手名 | AL4: 0.64583333 | AQ4: 性齢 | AR4: 斤量 | AS4: 騎手名 | AX4: 0.65625 | BC4: 性齢 | BD4: 斤量 | BE4: 騎手名
B5: 中山10R_スピカS | N5: 阪神10R_レグルスS | Z5: 中京11R_愛知杯 | AL5: 中山11R_千葉S | AX5: 阪神11R_阪神大賞典
B6: 4歳以上3勝クラス（混合）1,800メートル（芝・右） | N6: 4歳以上オープン1,800メートル（ダート・右） | Z6: 4歳以上牝1,400メートル（芝・左） | AL6: 4歳以上オープンハンデ 1,200メートル（ダート・右） | AX6: 4歳以上オープン3,000メートル（芝・右）
B7: 差 | C7: 人気順 | D7: 馬番 | E7: オッズ | F7: 馬名等 | N7: 差 | O7: 人気順 | P7: 馬番 | Q7: オッズ | R7: 馬名等 | Z7: 差 | AA7: 人気順 | AB7: 馬番 | AC7: オッズ | AD7: 馬名等 | AL7: 差 | AM7: 人気順 | AN7: 馬番 | AO7: オッズ | AP7: 馬名等 | AX7: 差 | AY7: 人気順 | AZ7: 馬番 | BA7: オッズ | BB7: 馬名等
A8: A | B8: =E8/E7 | C8: =IFERROR(RANK(E8, E$8:E$25, 1),"") | D8: 8 | E8: 2.4 | F8: エストゥペンダ | G8: 牝4 | H8: 56 | I8: 戸崎圭 | N8: =Q8/Q7 | O8: =IFERROR(RANK(Q8, Q$8:Q$25, 1),"") | P8: 8 | Q8: 3.6 | R8: ルシュヴァルドール | S8: 牡5 | T8: 60 | U8: 坂井 | Z8: =AC8/AC7 | AA8: =IFERROR(RANK(AC8, AC$8:AC$25, 1),"") | AB8: 1 | AC8: 5.3 | AD8: マピュース | AE8: 牝4 | AF8: 56 | AG8: 田辺 | AL8: =AO8/AO7 | AM8: =IFERROR(RANK(AO8, AO$8:AO$25, 1),"") | AN8: 14 | AO8: 3.6 | AP8: エコロアゼル | AQ8: 牡4 | AR8: 57 | AS8: 岩田康 | AX8: =BA8/BA7 | AY8: =IFERROR(RANK(BA8, BA$8:BA$25, 1),"") | AZ8: 1 | BA8: 3 | BB8: アドマイヤテラ | BC8: 牡5 | BD8: 58 | BE8: 武豊 | BF8: 戸崎圭
B9: =E9/E8 | C9: =IFERROR(RANK(E9, E$8:E$25, 1),"") | D9: 5 | E9: 3.7 | F9: フィーリウス | G9: 牡4 | H9: 58 | I9: 津村 | N9: =Q9/Q8 | O9: =IFERROR(RANK(Q9, Q$8:Q$25, 1),"") | P9: 7 | Q9: 4.2 | R9: タガノバビロン | S9: 牡4 | T9: 58 | U9: 松山 | Z9: =AC9/AC8 | AA9: =IFERROR(RANK(AC9, AC$8:AC$25, 1),"") | AB9: 7 | AC9: 5.9 | AD9: チェルビアット | AE9: 牝4 | AF9: 55 | AG9: 西村淳 | AL9: =AO9/AO8 | AM9: =IFERROR(RANK(AO9, AO$8:AO$25, 1),"") | AN9: 10 | AO9: 4.5 | AP9: ドラゴンウェルズ | AQ9: 牡4 | AR9: 56 | AS9: 戸崎圭 | AX9: =BA9/BA8 | AY9: =IFERROR(RANK(BA9, BA$8:BA$25, 1),"") | AZ9: 5 | BA9: 3.4 | BB9: ダノンシーマ | BC9: 牡4 | BD9: 56 | BE9: 川田 | BF9: ルメール
A10: B | B10: =E10/E9 | C10: =IFERROR(RANK(E10, E$8:E$25, 1),"") | D10: 4 | E10: 4.4 | F10: ジュタ | G10: 牡4 | H10: 58 | I10: 岩田康 | N10: =Q10/Q9 | O10: =IFERROR(RANK(Q10, Q$8:Q$25, 1),"") | P10: 11 | Q10: 7.5 | R10: ジンセイ | S10: 牡5 | T10: 58 | U10: 川田 | Z10: =AC10/AC9 | AA10: =IFERROR(RANK(AC10, AC$8:AC$25, 1),"") | AB10: 16 | AC10: 6.3 | AD10: ドロップオブライト | AE10: 牝7 | AF10: 56 | AG10: 松若 | AL10: =AO10/AO9 | AM10: =IFERROR(RANK(AO10, AO$8:AO$25, 1),"") | AN10: 12 | AO10: 6 | AP10: メイショウホウレン | AQ10: 牡5 | AR10: 57 | AS10: 菊沢 | AX10: =BA10/BA9 | AY10: =IFERROR(RANK(BA10, BA$8:BA$25, 1),"") | AZ10: 6 | BA10: 4.7 | BB10: レッドバンデ | BC10: 牡4 | BD10: 56 | BE10: 佐々木 | BF10: 佐々木
B11: =E11/E10 | C11: =IFERROR(RANK(E11, E$8:E$25, 1),"") | D11: 7 | E11: 8.2 | F11: ドゥカート | G11: 牡4 | H11: 58 | I11: 菊沢 | N11: =Q11/Q10 | O11: =IFERROR(RANK(Q11, Q$8:Q$25, 1),"") | P11: 5 | Q11: 7.7 | R11: モックモック | S11: 牡6 | T11: 58 | U11: 武豊 | Z11: =AC11/AC10 | AA11: =IFERROR(RANK(AC11, AC$8:AC$25, 1),"") | AB11: 5 | AC11: 7.2 | AD11: ウイントワイライト | AE11: 牝4 | AF11: 55 | AG11: 横山典 | AL11: =AO11/AO10 | AM11: =IFERROR(RANK(AO11, AO$8:AO$25, 1),"") | AN11: 7 | AO11: 9.2 | AP11: エートラックス | AQ11: 牡5 | AR11: 58.5 | AS11: ルメール | AX11: =BA11/BA10 | AY11: =IFERROR(RANK(BA11, BA$8:BA$25, 1),"") | AZ11: 7 | BA11: 7.2 | BB11: マイネルエンペラー | BC11: 牡6 | BD11: 58 | BE11: 丹内 | BF11: 鮫島駿
B12: =E12/E11 | C12: =IFERROR(RANK(E12, E$8:E$25, 1),"") | D12: 2 | E12: 12.4 | F12: エラン | G12: 牡5 | H12: 58 | I12: 荻野極 | N12: =Q12/Q11 | O12: =IFERROR(RANK(Q12, Q$8:Q$25, 1),"") | P12: 9 | Q12: 10.2 | R12: ハギノサステナブル | S12: 牡6 | T12: 58 | U12: 北村友 | Z12: =AC12/AC11 | AA12: =IFERROR(RANK(AC12, AC$8:AC$25, 1),"") | AB12: 15 | AC12: 10.9 | AD12: ワイドラトゥール | AE12: 牝5 | AF12: 56 | AG12: 西塚 | AL12: =AO12/AO11 | AM12: =IFERROR(RANK(AO12, AO$8:AO$25, 1),"") | AN12: 6 | AO12: 9.8 | AP12: ルディック | AQ12: 牡5 | AR12: 55 | AS12: 津村 | AX12: =BA12/BA11 | AY12: =IFERROR(RANK(BA12, BA$8:BA$25, 1),"") | AZ12: 3 | BA12: 8.9 | BB12: ファミリータイム | BC12: 牡5 | BD12: 57 | BE12: 松山 | BF12: 松若
A13: C | B13: =E13/E12 | C13: =IFERROR(RANK(E13, E$8:E$25, 1),"") | D13: 6 | E13: 19.3 | F13: モズロックンロール | G13: 牡6 | H13: 58 | I13: 横山琉 | N13: =Q13/Q12 | O13: =IFERROR(RANK(Q13, Q$8:Q$25, 1),"") | P13: 6 | Q13: 11.2 | R13: メイショウズイウン | S13: 牡4 | T13: 58 | U13: 太宰 | Z13: =AC13/AC12 | AA13: =IFERROR(RANK(AC13, AC$8:AC$25, 1),"") | AB13: 6 | AC13: 12.9 | AD13: ナムラクララ | AE13: 牝4 | AF13: 55 | AG13: 浜中 | AL13: =AO13/AO12 | AM13: =IFERROR(RANK(AO13, AO$8:AO$25, 1),"") | AN13: 13 | AO13: 15 | AP13: エコロガイア | AQ13: 牡5 | AR13: 55 | AS13: 高倉 | AX13: =BA13/BA12 | AY13: =IFERROR(RANK(BA13, BA$8:BA$25, 1),"") | AZ13: 4 | BA13: 10.6 | BB13: アクアヴァーナル | BC13: 牝5 | BD13: 55 | BE13: 坂井 | BF13: 津村
B14: =E14/E13 | C14: =IFERROR(RANK(E14, E$8:E$25, 1),"") | D14: 1 | E14: 19.6 | F14: アマイ | G14: 牝6 | H14: 56 | I14: 原 | N14: =Q14/Q13 | O14: =IFERROR(RANK(Q14, Q$8:Q$25, 1),"") | P14: 16 | Q14: 14.5 | R14: ロードラビリンス | S14: 牡4 | T14: 58 | U14: 鮫島駿 | Z14: =AC14/AC13 | AA14: =IFERROR(RANK(AC14, AC$8:AC$25, 1),"") | AB14: 8 | AC14: 15.1 | AD14: ソルトクィーン | AE14: 牝5 | AF14: 55 | AG14: 富田 | AL14: =AO14/AO13 | AM14: =IFERROR(RANK(AO14, AO$8:AO$25, 1),"") | AN14: 3 | AO14: 16.5 | AP14: アガシ | AQ14: セ5 | AR14: 55 | AS14: 三浦 | AX14: =BA14/BA13 | AY14: =IFERROR(RANK(BA14, BA$8:BA$25, 1),"") | AZ14: 2 | BA14: 32.5 | BB14: シュヴァリエローズ | BC14: 牡8 | BD14: 57 | BE14: 北村友 | BF14: プーシャン
B15: =E15/E14 | C15: =IFERROR(RANK(E15, E$8:E$25, 1),"") | D15: 9 | E15: 31.5 | F15: マイネルトルファン | G15: 牡7 | H15: 58 | I15: 柴田大 | N15: =Q15/Q14 | O15: =IFERROR(RANK(Q15, Q$8:Q$25, 1),"") | P15: 15 | Q15: 19.2 | R15: タイトニット | S15: 牡6 | T15: 59 | U15: 丹内 | Z15: =AC15/AC14 | AA15: =IFERROR(RANK(AC15, AC$8:AC$25, 1),"") | AB15: 2 | AC15: 15.2 | AD15: レディマリオン | AE15: 牝5 | AF15: 55 | AG15: 吉村 | AL15: =AO15/AO14 | AM15: =IFERROR(RANK(AO15, AO$8:AO$25, 1),"") | AN15: 4 | AO15: 18.4 | AP15: ユキマル | AQ15: 牡6 | AR15: 55 | AS15: 木幡巧 | AX15: =BA15/BA14 | AY15: =IFERROR(RANK(BA15, BA$8:BA$25, 1),"") | AZ15: 9 | BA15: 37.9 | BB15: サンライズソレイユ | BC15: 牡5 | BD15: 57 | BE15: 岩田望 | BF15: 菅原明
A16: D | B16: =E16/E15 | C16: =IFERROR(RANK(E16, E$8:E$25, 1),"") | D16: 3 | E16: 180.8 | F16: レディベル | G16: 牝7 | H16: 56 | I16: 石川 | N16: =Q16/Q15 | O16: =IFERROR(RANK(Q16, Q$8:Q$25, 1),"") | P16: 4 | Q16: 25.7 | R16: テーオーグランビル | S16: 牡6 | T16: 58 | U16: 岩田望 | Z16: =AC16/AC15 | AA16: =IFERROR(RANK(AC16, AC$8:AC$25, 1),"") | AB16: 12 | AC16: 18.3 | AD16: カルプスペルシュ | AE16: 牝4 | AF16: 55 | AG16: 横山武 | AL16: =AO16/AO15 | AM16: =IFERROR(RANK(AO16, AO$8:AO$25, 1),"") | AN16: 9 | AO16: 19.1 | AP16: ブレーザー | AQ16: 牡5 | AR16: 55 | AS16: 荻野極 | AX16: =BA16/BA15 | AY16: =IFERROR(RANK(BA16, BA$8:BA$25, 1),"") | AZ16: 8 | BA16: 88.1 | BB16: メイショウブレゲ | BC16: 牡7 | BD16: 57 | BE16: 酒井 | BF16: 吉田豊
B17: =E17/E16 | C17: =IFERROR(RANK(E17, E$8:E$25, 1),"") | N17: =Q17/Q16 | O17: =IFERROR(RANK(Q17, Q$8:Q$25, 1),"") | P17: 2 | Q17: 28.9 | R17: シュラザック | S17: 牡4 | T17: 58 | U17: 田口 | Z17: =AC17/AC16 | AA17: =IFERROR(RANK(AC17, AC$8:AC$25, 1),"") | AB17: 11 | AC17: 22.5 | AD17: スリールミニョン | AE17: 牝4 | AF17: 55 | AG17: 丸山 | AL17: =AO17/AO16 | AM17: =IFERROR(RANK(AO17, AO$8:AO$25, 1),"") | AN17: 15 | AO17: 22.7 | AP17: ショウナンアビアス | AQ17: 牡6 | AR17: 55 | AS17: 柴田善 | AX17: =BA17/BA16 | AY17: =IFERROR(RANK(BA17, BA$8:BA$25, 1),"") | AZ17: 10 | BA17: 96 | BB17: ダンディズム | BC17: セ10 | BD17: 57 | BE17: 松本 | BF17: 荻野極
B18: =E18/E17 | C18: =IFERROR(RANK(E18, E$8:E$25, 1),"") | N18: =Q18/Q17 | O18: =IFERROR(RANK(Q18, Q$8:Q$25, 1),"") | P18: 10 | Q18: 32.3 | R18: レッドプロフェシー | S18: 牡6 | T18: 58 | U18: 酒井 | Z18: =AC18/AC17 | AA18: =IFERROR(RANK(AC18, AC$8:AC$25, 1),"") | AB18: 18 | AC18: 22.6 | AD18: アイサンサン | AE18: 牝4 | AF18: 55 | AG18: 幸 | AL18: =AO18/AO17 | AM18: =IFERROR(RANK(AO18, AO$8:AO$25, 1),"") | AN18: 8 | AO18: 48.8 | AP18: シークレットヴァウ | AQ18: 牡5 | AR18: 55 | AS18: 武藤 | AX18: =BA18/BA17 | AY18: =IFERROR(RANK(BA18, BA$8:BA$25, 1),"") | BF18: マーカンド
A19: E | B19: =E19/E18 | C19: =IFERROR(RANK(E19, E$8:E$25, 1),"") | N19: =Q19/Q18 | O19: =IFERROR(RANK(Q19, Q$8:Q$25, 1),"") | P19: 1 | Q19: 42.4 | R19: カペルブリュッケ | S19: 牡4 | T19: 58 | U19: 斎藤 | Z19: =AC19/AC18 | AA19: =IFERROR(RANK(AC19, AC$8:AC$25, 1),"") | AB19: 17 | AC19: 23 | AD19: リラボニート | AE19: 牝5 | AF19: 55 | AG19: 田山 | AL19: =AO19/AO18 | AM19: =IFERROR(RANK(AO19, AO$8:AO$25, 1),"") | AN19: 5 | AO19: 58.3 | AP19: ロードフロンティア | AQ19: 牡5 | AR19: 55 | AS19: 原 | AX19: =BA19/BA18 | AY19: =IFERROR(RANK(BA19, BA$8:BA$25, 1),"") | BF19: 石橋脩
B20: =E20/E19 | C20: =IFERROR(RANK(E20, E$8:E$25, 1),"") | N20: =Q20/Q19 | O20: =IFERROR(RANK(Q20, Q$8:Q$25, 1),"") | P20: 3 | Q20: 67 | R20: グーデンドラーク | S20: 牡7 | T20: 58 | U20: 国分優 | Z20: =AC20/AC19 | AA20: =IFERROR(RANK(AC20, AC$8:AC$25, 1),"") | AB20: 13 | AC20: 30.7 | AD20: アブキールベイ | AE20: 牝4 | AF20: 56 | AG20: 小崎 | AL20: =AO20/AO19 | AM20: =IFERROR(RANK(AO20, AO$8:AO$25, 1),"") | AN20: 2 | AO20: 59.6 | AP20: テイエムトッキュウ | AQ20: 牡8 | AR20: 58.5 | AS20: 石橋脩 | AX20: =BA20/BA19 | AY20: =IFERROR(RANK(BA20, BA$8:BA$25, 1),"") | BF20: 石川
B21: =E21/E20 | C21: =IFERROR(RANK(E21, E$8:E$25, 1),"") | N21: =Q21/Q20 | O21: =IFERROR(RANK(Q21, Q$8:Q$25, 1),"") | P21: 14 | Q21: 111.8 | R21: メイショウユズルハ | S21: 牡7 | T21: 58 | U21: 菱田 | Z21: =AC21/AC20 | AA21: =IFERROR(RANK(AC21, AC$8:AC$25, 1),"") | AB21: 10 | AC21: 31.4 | AD21: セフィロ | AE21: 牝6 | AF21: 55 | AG21: 吉田隼 | AL21: =AO21/AO20 | AM21: =IFERROR(RANK(AO21, AO$8:AO$25, 1),"") | AN21: 11 | AO21: 66.6 | AP21: ムーヴ | AQ21: 牡7 | AR21: 55 | AS21: 横山琉 | AX21: =BA21/BA20 | AY21: =IFERROR(RANK(BA21, BA$8:BA$25, 1),"") | BF21: 菅原隆
A22: F | B22: =E22/E21 | C22: =IFERROR(RANK(E22, E$8:E$25, 1),"") | N22: =Q22/Q21 | O22: =IFERROR(RANK(Q22, Q$8:Q$25, 1),"") | P22: 12 | Q22: 121.4 | R22: ピースオブザライフ | S22: 牝6 | T22: 56 | U22: 松本 | Z22: =AC22/AC21 | AA22: =IFERROR(RANK(AC22, AC$8:AC$25, 1),"") | AB22: 3 | AC22: 55.2 | AD22: モリノドリーム | AE22: 牝7 | AF22: 55 | AG22: 小林美 | AL22: =AO22/AO21 | AM22: =IFERROR(RANK(AO22, AO$8:AO$25, 1),"") | AN22: 16 | AO22: 83.6 | AP22: ケイアイドリー | AQ22: 牡9 | AR22: 58.5 | AS22: 藤懸 | AX22: =BA22/BA21 | AY22: =IFERROR(RANK(BA22, BA$8:BA$25, 1),"")
B23: =E23/E22 | C23: =IFERROR(RANK(E23, E$8:E$25, 1),"") | N23: =Q23/Q22 | O23: =IFERROR(RANK(Q23, Q$8:Q$25, 1),"") | P23: 13 | Q23: 187.4 | R23: ラインオブソウル | S23: 牡7 | T23: 58 | U23: 角田和 | Z23: =AC23/AC22 | AA23: =IFERROR(RANK(AC23, AC$8:AC$25, 1),"") | AB23: 14 | AC23: 68.8 | AD23: シンバーシア | AE23: 牝5 | AF23: 55 | AG23: 団野 | AL23: =AO23/AO22 | AM23: =IFERROR(RANK(AO23, AO$8:AO$25, 1),"") | AN23: 1 | AO23: 120.1 | AP23: ジャスパーゴールド | AQ23: セ8 | AR23: 55 | AS23: 松岡 | AX23: =BA23/BA22 | AY23: =IFERROR(RANK(BA23, BA$8:BA$25, 1),"")
B24: =E24/E23 | C24: =IFERROR(RANK(E24, E$8:E$25, 1),"") | N24: =Q24/Q23 | O24: =IFERROR(RANK(Q24, Q$8:Q$25, 1),"") | P24: =IFERROR(RANK(Q24, Q$8:Q$25, 1),"") | Z24: =AC24/AC23 | AA24: =IFERROR(RANK(AC24, AC$8:AC$25, 1),"") | AB24: 9 | AC24: 89.8 | AD24: マサノカナリア | AE24: 牝5 | AF24: 55 | AG24: 古川吉 | AL24: =AO24/AO23 | AM24: =IFERROR(RANK(AO24, AO$8:AO$25, 1),"") | AX24: =BA24/BA23 | AY24: =IFERROR(RANK(BA24, BA$8:BA$25, 1),"") | AZ24: =IFERROR(RANK(BA24, BA$8:BA$25, 1),"")
A25: G | B25: =E25/E24 | C25: =IFERROR(RANK(E25, E$8:E$25, 1),"") | N25: =Q25/Q24 | O25: =IFERROR(RANK(Q25, Q$8:Q$25, 1),"") | P25: =IFERROR(RANK(Q25, Q$8:Q$25, 1),"") | Z25: =AC25/AC24 | AA25: =IFERROR(RANK(AC25, AC$8:AC$25, 1),"") | AB25: 4 | AC25: 132 | AD25: カンパニョーラ | AE25: 牝7 | AF25: 55 | AG25: 嶋田 | AL25: =AO25/AO24 | AM25: =IFERROR(RANK(AO25, AO$8:AO$25, 1),"") | AX25: =BA25/BA24 | AY25: =IFERROR(RANK(BA25, BA$8:BA$25, 1),"") | AZ25: =IFERROR(RANK(BA25, BA$8:BA$25, 1),"")
A27: 平均オッズ | E27: =AVERAGE(E8:E25) | Q27: =AVERAGE(Q8:Q26) | AC27: =AVERAGE(AC8:AC26) | AO27: =AVERAGE(AO8:AO26) | BA27: =AVERAGE(BA8:BA26)
E29: １レース目 | Q29: ２レース目 | AC29: ３レース目 | AO29: ４レース目 | BA29: ５レース目
E30: 1 | F30: 中央競馬予想隊 | Q30: 1 | R30: 中央競馬予想隊 | AC30: 1 | AD30: 中央競馬予想隊 | AO30: 1 | AP30: 中央競馬予想隊 | BA30: 1 | BB30: 中央競馬予想隊
E31: 2 | F31: 消・買 | Q31: 2 | R31: 消・買 | AC31: 2 | AD31: 消・買 | AO31: 2 | AP31: 消・買 | BA31: 2 | BB31: 消・買
E32: 3 | F32: おじさんの予想 | Q32: 3 | R32: おじさんの予想 | AC32: 3 | AD32: おじさんの予想 | AO32: 3 | AP32: おじさんの予想 | BA32: 3 | BB32: おじさんの予想
E33: 4 | F33: 統計分析 | Q33: 4 | R33: 統計分析 | AC33: 4 | AD33: 統計分析 | AO33: 4 | AP33: 統計分析 | BA33: 4 | BB33: 統計分析
E34: 5 | F34: NUNO競馬 | Q34: 5 | R34: NUNO競馬 | AC34: 5 | AD34: NUNO競馬 | AO34: 5 | AP34: NUNO競馬 | BA34: 5 | BB34: NUNO競馬
E35: 6 | F35: ムーケン | Q35: 6 | R35: ムーケン | AC35: 6 | AD35: ムーケン | AO35: 6 | AP35: ムーケン | BA35: 6 | BB35: ムーケン

Sheet 2回
B2: WIN1 | D2: WIN2 | F2: WIN3 | H2: WIN4 | J2: WIN5 | L2: WIN1 | M2: WIN2 | N2: WIN3 | O2: WIN4 | P2: WIN5 | Q2: WIN1 | R2: WIN2 | S2: WIN3 | T2: WIN4 | U2: WIN5 | V2: 人気の和 | W2: 人気の和
A3: 1 | B3: 1 | C3: =VLOOKUP(B3,オッズデータ入力!C$7:D$25,2,FALSE) | D3: 1 | E3: =VLOOKUP(D3,オッズデータ入力!O$7:P$25,2,FALSE) | L3: =IF(B3<=2,"A",IF(B3<=5,"B",IF(B3<=7,"C",IF(B3<=10,"D",IF(B3<=13,"E",IF(B3<=16,"F",IF(B3<=18,"G"))))))) | M3: =IF(D3<=2,"A",IF(D3<=5,"B",IF(D3<=7,"C",IF(D3<=10,"D",IF(D3<=13,"E",IF(D3<=16,"F",IF(D3<=18,"G"))))))) | Q3: =C3 | R3: =E3 | V3: 14~20 | W3: =SUM(B3,D3,F3,H3,J3) | X3: +
A4: 2 | B4: 1 | C4: =VLOOKUP(B4,オッズデータ入力!C$7:D$25,2,FALSE) | D4: 2 | E4: =VLOOKUP(D4,オッズデータ入力!O$7:P$25,2,FALSE) | L4: =IF(B4<=2,"A",IF(B4<=5,"B",IF(B4<=7,"C",IF(B4<=10,"D",IF(B4<=13,"E",IF(B4<=16,"F",IF(B4<=18,"G"))))))) | M4: =IF(D4<=2,"A",IF(D4<=5,"B",IF(D4<=7,"C",IF(D4<=10,"D",IF(D4<=13,"E",IF(D4<=16,"F",IF(D4<=18,"G"))))))) | Q4: =C4 | R4: =E4 | V4: 14~20 | W4: =SUM(B4,D4,F4,H4,J4) | X4: +
A5: 3 | B5: 2 | C5: =VLOOKUP(B5,オッズデータ入力!C$7:D$25,2,FALSE) | D5: 1 | E5: =VLOOKUP(D5,オッズデータ入力!O$7:P$25,2,FALSE) | L5: =IF(B5<=2,"A",IF(B5<=5,"B",IF(B5<=7,"C",IF(B5<=10,"D",IF(B5<=13,"E",IF(B5<=16,"F",IF(B5<=18,"G"))))))) | M5: =IF(D5<=2,"A",IF(D5<=5,"B",IF(D5<=7,"C",IF(D5<=10,"D",IF(D5<=13,"E",IF(D5<=16,"F",IF(D5<=18,"G"))))))) | Q5: =C5 | R5: =E5 | V5: 14~20 | W5: =SUM(B5,D5,F5,H5,J5) | X5: +
A6: 4 | B6: 2 | C6: =VLOOKUP(B6,オッズデータ入力!C$7:D$25,2,FALSE) | D6: 2 | E6: =VLOOKUP(D6,オッズデータ入力!O$7:P$25,2,FALSE) | L6: =IF(B6<=2,"A",IF(B6<=5,"B",IF(B6<=7,"C",IF(B6<=10,"D",IF(B6<=13,"E",IF(B6<=16,"F",IF(B6<=18,"G"))))))) | M6: =IF(D6<=2,"A",IF(D6<=5,"B",IF(D6<=7,"C",IF(D6<=10,"D",IF(D6<=13,"E",IF(D6<=16,"F",IF(D6<=18,"G"))))))) | Q6: =C6 | R6: =E6 | V6: 14~20 | W6: =SUM(B6,D6,F6,H6,J6) | X6: +
A7: 5 | B7: 1 | C7: =VLOOKUP(B7,オッズデータ入力!C$7:D$25,2,FALSE) | F7: 1 | G7: =VLOOKUP(F7,オッズデータ入力!AA$7:AB$25,2,FALSE) | L7: =IF(B7<=2,"A",IF(B7<=5,"B",IF(B7<=7,"C",IF(B7<=10,"D",IF(B7<=13,"E",IF(B7<=16,"F",IF(B7<=18,"G"))))))) | N7: =IF(F7<=2,"A",IF(F7<=5,"B",IF(F7<=7,"C",IF(F7<=10,"D",IF(F7<=13,"E",IF(F7<=16,"F",IF(F7<=18,"G"))))))) | Q7: =C7 | S7: =G7 | V7: 14~20 | W7: =SUM(B7,D7,F7,H7,J7) | X7: +
A8: 6 | B8: 1 | C8: =VLOOKUP(B8,オッズデータ入力!C$7:D$25,2,FALSE) | F8: 2 | G8: =VLOOKUP(F8,オッズデータ入力!AA$7:AB$25,2,FALSE) | L8: =IF(B8<=2,"A",IF(B8<=5,"B",IF(B8<=7,"C",IF(B8<=10,"D",IF(B8<=13,"E",IF(B8<=16,"F",IF(B8<=18,"G"))))))) | N8: =IF(F8<=2,"A",IF(F8<=5,"B",IF(F8<=7,"C",IF(F8<=10,"D",IF(F8<=13,"E",IF(F8<=16,"F",IF(F8<=18,"G"))))))) | Q8: =C8 | S8: =G8 | V8: 14~20 | W8: =SUM(B8,D8,F8,H8,J8) | X8: +
A9: 7 | B9: 2 | C9: =VLOOKUP(B9,オッズデータ入力!C$7:D$25,2,FALSE) | F9: 1 | G9: =VLOOKUP(F9,オッズデータ入力!AA$7:AB$25,2,FALSE) | L9: =IF(B9<=2,"A",IF(B9<=5,"B",IF(B9<=7,"C",IF(B9<=10,"D",IF(B9<=13,"E",IF(B9<=16,"F",IF(B9<=18,"G"))))))) | N9: =IF(F9<=2,"A",IF(F9<=5,"B",IF(F9<=7,"C",IF(F9<=10,"D",IF(F9<=13,"E",IF(F9<=16,"F",IF(F9<=18,"G"))))))) | Q9: =C9 | S9: =G9 | V9: 14~20 | W9: =SUM(B9,D9,F9,H9,J9) | X9: +
A10: 8 | B10: 2 | C10: =VLOOKUP(B10,オッズデータ入力!C$7:D$25,2,FALSE) | F10: 2 | G10: =VLOOKUP(F10,オッズデータ入力!AA$7:AB$25,2,FALSE) | L10: =IF(B10<=2,"A",IF(B10<=5,"B",IF(B10<=7,"C",IF(B10<=10,"D",IF(B10<=13,"E",IF(B10<=16,"F",IF(B10<=18,"G"))))))) | N10: =IF(F10<=2,"A",IF(F10<=5,"B",IF(F10<=7,"C",IF(F10<=10,"D",IF(F10<=13,"E",IF(F10<=16,"F",IF(F10<=18,"G"))))))) | Q10: =C10 | S10: =G10 | V10: 14~20 | W10: =SUM(B10,D10,F10,H10,J10) | X10: +
A11: 9 | B11: 1 | C11: =VLOOKUP(B11,オッズデータ入力!C$7:D$25,2,FALSE) | H11: 1 | I11: =VLOOKUP(H11,オッズデータ入力!AM$7:AN$25,2,FALSE) | L11: =IF(B11<=2,"A",IF(B11<=5,"B",IF(B11<=7,"C",IF(B11<=10,"D",IF(B11<=13,"E",IF(B11<=16,"F",IF(B11<=18,"G"))))))) | O11: =IF(H11<=2,"A",IF(H11<=5,"B",IF(H11<=7,"C",IF(H11<=10,"D",IF(H11<=13,"E",IF(H11<=16,"F",IF(H11<=18,"G"))))))) | Q11: =C11 | T11: =I11 | V11: 14~20 | W11: =SUM(B11,D11,F11,H11,J11) | X11: +
A12: 10 | B12: 1 | C12: =VLOOKUP(B12,オッズデータ入力!C$7:D$25,2,FALSE) | H12: 2 | I12: =VLOOKUP(H12,オッズデータ入力!AM$7:AN$25,2,FALSE) | L12: =IF(B12<=2,"A",IF(B12<=5,"B",IF(B12<=7,"C",IF(B12<=10,"D",IF(B12<=13,"E",IF(B12<=16,"F",IF(B12<=18,"G"))))))) | O12: =IF(H12<=2,"A",IF(H12<=5,"B",IF(H12<=7,"C",IF(H12<=10,"D",IF(H12<=13,"E",IF(H12<=16,"F",IF(H12<=18,"G"))))))) | Q12: =C12 | T12: =I12 | V12: 14~20 | W12: =SUM(B12,D12,F12,H12,J12) | X12: +
A13: 11 | B13: 2 | C13: =VLOOKUP(B13,オッズデータ入力!C$7:D$25,2,FALSE) | H13: 1 | I13: =VLOOKUP(H13,オッズデータ入力!AM$7:AN$25,2,FALSE) | L13: =IF(B13<=2,"A",IF(B13<=5,"B",IF(B13<=7,"C",IF(B13<=10,"D",IF(B13<=13,"E",IF(B13<=16,"F",IF(B13<=18,"G"))))))) | O13: =IF(H13<=2,"A",IF(H13<=5,"B",IF(H13<=7,"C",IF(H13<=10,"D",IF(H13<=13,"E",IF(H13<=16,"F",IF(H13<=18,"G"))))))) | Q13: =C13 | T13: =I13 | V13: 14~20 | W13: =SUM(B13,D13,F13,H13,J13) | X13: +
A14: 12 | B14: 2 | C14: =VLOOKUP(B14,オッズデータ入力!C$7:D$25,2,FALSE) | H14: 2 | I14: =VLOOKUP(H14,オッズデータ入力!AM$7:AN$25,2,FALSE) | L14: =IF(B14<=2,"A",IF(B14<=5,"B",IF(B14<=7,"C",IF(B14<=10,"D",IF(B14<=13,"E",IF(B14<=16,"F",IF(B14<=18,"G"))))))) | O14: =IF(H14<=2,"A",IF(H14<=5,"B",IF(H14<=7,"C",IF(H14<=10,"D",IF(H14<=13,"E",IF(H14<=16,"F",IF(H14<=18,"G"))))))) | Q14: =C14 | T14: =I14 | V14: 14~20 | W14: =SUM(B14,D14,F14,H14,J14) | X14: +
A15: 13 | B15: 1 | C15: =VLOOKUP(B15,オッズデータ入力!C$7:D$25,2,FALSE) | J15: 1 | K15: =VLOOKUP(J15,オッズデータ入力!AY$7:AZ$25,2,FALSE) | L15: =IF(B15<=2,"A",IF(B15<=5,"B",IF(B15<=7,"C",IF(B15<=10,"D",IF(B15<=13,"E",IF(B15<=16,"F",IF(B15<=18,"G"))))))) | P15: =IF(J15<=2,"A",IF(J15<=5,"B",IF(J15<=7,"C",IF(J15<=10,"D",IF(J15<=13,"E",IF(J15<=16,"F",IF(J15<=18,"G"))))))) | Q15: =C15 | U15: =K15 | V15: 14~20 | W15: =SUM(B15,D15,F15,H15,J15) | X15: +
A16: 14 | B16: 1 | C16: =VLOOKUP(B16,オッズデータ入力!C$7:D$25,2,FALSE) | J16: 2 | K16: =VLOOKUP(J16,オッズデータ入力!AY$7:AZ$25,2,FALSE) | L16: =IF(B16<=2,"A",IF(B16<=5,"B",IF(B16<=7,"C",IF(B16<=10,"D",IF(B16<=13,"E",IF(B16<=16,"F",IF(B16<=18,"G"))))))) | P16: =IF(J16<=2,"A",IF(J16<=5,"B",IF(J16<=7,"C",IF(J16<=10,"D",IF(J16<=13,"E",IF(J16<=16,"F",IF(J16<=18,"G"))))))) | Q16: =C16 | U16: =K16 | V16: 14~20 | W16: =SUM(B16,D16,F16,H16,J16) | X16: +
A17: 15 | B17: 2 | C17: =VLOOKUP(B17,オッズデータ入力!C$7:D$25,2,FALSE) | J17: 1 | K17: =VLOOKUP(J17,オッズデータ入力!AY$7:AZ$25,2,FALSE) | L17: =IF(B17<=2,"A",IF(B17<=5,"B",IF(B17<=7,"C",IF(B17<=10,"D",IF(B17<=13,"E",IF(B17<=16,"F",IF(B17<=18,"G"))))))) | P17: =IF(J17<=2,"A",IF(J17<=5,"B",IF(J17<=7,"C",IF(J17<=10,"D",IF(J17<=13,"E",IF(J17<=16,"F",IF(J17<=18,"G"))))))) | Q17: =C17 | U17: =K17 | V17: 14~20 | W17: =SUM(B17,D17,F17,H17,J17) | X17: +
A18: 16 | B18: 2 | C18: =VLOOKUP(B18,オッズデータ入力!C$7:D$25,2,FALSE) | J18: 2 | K18: =VLOOKUP(J18,オッズデータ入力!AY$7:AZ$25,2,FALSE) | L18: =IF(B18<=2,"A",IF(B18<=5,"B",IF(B18<=7,"C",IF(B18<=10,"D",IF(B18<=13,"E",IF(B18<=16,"F",IF(B18<=18,"G"))))))) | P18: =IF(J18<=2,"A",IF(J18<=5,"B",IF(J18<=7,"C",IF(J18<=10,"D",IF(J18<=13,"E",IF(J18<=16,"F",IF(J18<=18,"G"))))))) | Q18: =C18 | U18: =K18 | V18: 14~20 | W18: =SUM(B18,D18,F18,H18,J18) | X18: +
A19: 17 | D19: 1 | E19: =VLOOKUP(D19,オッズデータ入力!O$7:P$25,2,FALSE) | F19: 1 | G19: =VLOOKUP(F19,オッズデータ入力!AA$7:AB$25,2,FALSE) | M19: =IF(D19<=2,"A",IF(D19<=5,"B",IF(D19<=7,"C",IF(D19<=10,"D",IF(D19<=13,"E",IF(D19<=16,"F",IF(D19<=18,"G"))))))) | N19: =IF(H19<=2,"A",IF(H19<=5,"B",IF(H19<=7,"C",IF(H19<=10,"D",IF(H19<=13,"E",IF(H19<=16,"F",IF(H19<=18,"G"))))))) | R19: =E19 | S19: =G19 | V19: 14~20 | W19: =SUM(B19,D19,F19,H19,J19) | X19: +
A20: 18 | D20: 1 | E20: =VLOOKUP(D20,オッズデータ入力!O$7:P$25,2,FALSE) | F20: 2 | G20: =VLOOKUP(F20,オッズデータ入力!AA$7:AB$25,2,FALSE) | M20: =IF(D20<=2,"A",IF(D20<=5,"B",IF(D20<=7,"C",IF(D20<=10,"D",IF(D20<=13,"E",IF(D20<=16,"F",IF(D20<=18,"G"))))))) | N20: =IF(H20<=2,"A",IF(H20<=5,"B",IF(H20<=7,"C",IF(H20<=10,"D",IF(H20<=13,"E",IF(H20<=16,"F",IF(H20<=18,"G"))))))) | R20: =E20 | S20: =G20 | V20: 14~20 | W20: =SUM(B20,D20,F20,H20,J20) | X20: +
A21: 19 | D21: 2 | E21: =VLOOKUP(D21,オッズデータ入力!O$7:P$25,2,FALSE) | F21: 1 | G21: =VLOOKUP(F21,オッズデータ入力!AA$7:AB$25,2,FALSE) | M21: =IF(D21<=2,"A",IF(D21<=5,"B",IF(D21<=7,"C",IF(D21<=10,"D",IF(D21<=13,"E",IF(D21<=16,"F",IF(D21<=18,"G"))))))) | N21: =IF(H21<=2,"A",IF(H21<=5,"B",IF(H21<=7,"C",IF(H21<=10,"D",IF(H21<=13,"E",IF(H21<=16,"F",IF(H21<=18,"G"))))))) | R21: =E21 | S21: =G21 | V21: 14~20 | W21: =SUM(B21,D21,F21,H21,J21) | X21: +
A22: 20 | D22: 2 | E22: =VLOOKUP(D22,オッズデータ入力!O$7:P$25,2,FALSE) | F22: 2 | G22: =VLOOKUP(F22,オッズデータ入力!AA$7:AB$25,2,FALSE) | M22: =IF(D22<=2,"A",IF(D22<=5,"B",IF(D22<=7,"C",IF(D22<=10,"D",IF(D22<=13,"E",IF(D22<=16,"F",IF(D22<=18,"G"))))))) | N22: =IF(H22<=2,"A",IF(H22<=5,"B",IF(H22<=7,"C",IF(H22<=10,"D",IF(H22<=13,"E",IF(H22<=16,"F",IF(H22<=18,"G"))))))) | R22: =E22 | S22: =G22 | V22: 14~20 | W22: =SUM(B22,D22,F22,H22,J22) | X22: +
A23: 21 | D23: 1 | E23: =VLOOKUP(D23,オッズデータ入力!O$7:P$25,2,FALSE) | H23: 1 | I23: =VLOOKUP(H23,オッズデータ入力!AM$7:AN$25,2,FALSE) | M23: =IF(D23<=2,"A",IF(D23<=5,"B",IF(D23<=7,"C",IF(D23<=10,"D",IF(D23<=13,"E",IF(D23<=16,"F",IF(D23<=18,"G"))))))) | O23: =IF(H23<=2,"A",IF(H23<=5,"B",IF(H23<=7,"C",IF(H23<=10,"D",IF(H23<=13,"E",IF(H23<=16,"F",IF(H23<=18,"G"))))))) | R23: =E23 | T23: =I23 | V23: 14~20 | W23: =SUM(B23,D23,F23,H23,J23) | X23: +
A24: 22 | D24: 1 | E24: =VLOOKUP(D24,オッズデータ入力!O$7:P$25,2,FALSE) | H24: 2 | I24: =VLOOKUP(H24,オッズデータ入力!AM$7:AN$25,2,FALSE) | M24: =IF(D24<=2,"A",IF(D24<=5,"B",IF(D24<=7,"C",IF(D24<=10,"D",IF(D24<=13,"E",IF(D24<=16,"F",IF(D24<=18,"G"))))))) | O24: =IF(H24<=2,"A",IF(H24<=5,"B",IF(H24<=7,"C",IF(H24<=10,"D",IF(H24<=13,"E",IF(H24<=16,"F",IF(H24<=18,"G"))))))) | R24: =E24 | T24: =I24 | V24: 14~20 | W24: =SUM(B24,D24,F24,H24,J24) | X24: +
A25: 23 | D25: 2 | E25: =VLOOKUP(D25,オッズデータ入力!O$7:P$25,2,FALSE) | H25: 1 | I25: =VLOOKUP(H25,オッズデータ入力!AM$7:AN$25,2,FALSE) | M25: =IF(D25<=2,"A",IF(D25<=5,"B",IF(D25<=7,"C",IF(D25<=10,"D",IF(D25<=13,"E",IF(D25<=16,"F",IF(D25<=18,"G"))))))) | O25: =IF(H25<=2,"A",IF(H25<=5,"B",IF(H25<=7,"C",IF(H25<=10,"D",IF(H25<=13,"E",IF(H25<=16,"F",IF(H25<=18,"G"))))))) | R25: =E25 | T25: =I25 | V25: 14~20 | W25: =SUM(B25,D25,F25,H25,J25) | X25: +
A26: 24 | D26: 2 | E26: =VLOOKUP(D26,オッズデータ入力!O$7:P$25,2,FALSE) | H26: 2 | I26: =VLOOKUP(H26,オッズデータ入力!AM$7:AN$25,2,FALSE) | M26: =IF(D26<=2,"A",IF(D26<=5,"B",IF(D26<=7,"C",IF(D26<=10,"D",IF(D26<=13,"E",IF(D26<=16,"F",IF(D26<=18,"G"))))))) | O26: =IF(H26<=2,"A",IF(H26<=5,"B",IF(H26<=7,"C",IF(H26<=10,"D",IF(H26<=13,"E",IF(H26<=16,"F",IF(H26<=18,"G"))))))) | R26: =E26 | T26: =I26 | V26: 14~20 | W26: =SUM(B26,D26,F26,H26,J26) | X26: +
A27: 25 | D27: 1 | E27: =VLOOKUP(D27,オッズデータ入力!O$7:P$25,2,FALSE) | J27: 1 | K27: =VLOOKUP(J27,オッズデータ入力!AY$7:AZ$25,2,FALSE) | M27: =IF(D27<=2,"A",IF(D27<=5,"B",IF(D27<=7,"C",IF(D27<=10,"D",IF(D27<=13,"E",IF(D27<=16,"F",IF(D27<=18,"G"))))))) | P27: =IF(J27<=2,"A",IF(J27<=5,"B",IF(J27<=7,"C",IF(J27<=10,"D",IF(J27<=13,"E",IF(J27<=16,"F",IF(J27<=18,"G"))))))) | R27: =E27 | U27: =K27 | V27: 14~20 | W27: =SUM(B27,D27,F27,H27,J27) | X27: +
A28: 26 | D28: 1 | E28: =VLOOKUP(D28,オッズデータ入力!O$7:P$25,2,FALSE) | J28: 2 | K28: =VLOOKUP(J28,オッズデータ入力!AY$7:AZ$25,2,FALSE) | M28: =IF(D28<=2,"A",IF(D28<=5,"B",IF(D28<=7,"C",IF(D28<=10,"D",IF(D28<=13,"E",IF(D28<=16,"F",IF(D28<=18,"G"))))))) | P28: =IF(J28<=2,"A",IF(J28<=5,"B",IF(J28<=7,"C",IF(J28<=10,"D",IF(J28<=13,"E",IF(J28<=16,"F",IF(J28<=18,"G"))))))) | R28: =E28 | U28: =K28 | V28: 14~20 | W28: =SUM(B28,D28,F28,H28,J28) | X28: +
A29: 27 | D29: 2 | E29: =VLOOKUP(D29,オッズデータ入力!O$7:P$25,2,FALSE) | J29: 1 | K29: =VLOOKUP(J29,オッズデータ入力!AY$7:AZ$25,2,FALSE) | M29: =IF(D29<=2,"A",IF(D29<=5,"B",IF(D29<=7,"C",IF(D29<=10,"D",IF(D29<=13,"E",IF(D29<=16,"F",IF(D29<=18,"G"))))))) | P29: =IF(J29<=2,"A",IF(J29<=5,"B",IF(J29<=7,"C",IF(J29<=10,"D",IF(J29<=13,"E",IF(J29<=16,"F",IF(J29<=18,"G"))))))) | R29: =E29 | U29: =K29 | V29: 14~20 | W29: =SUM(B29,D29,F29,H29,J29) | X29: +
A30: 28 | D30: 2 | E30: =VLOOKUP(D30,オッズデータ入力!O$7:P$25,2,FALSE) | J30: 2 | K30: =VLOOKUP(J30,オッズデータ入力!AY$7:AZ$25,2,FALSE) | M30: =IF(D30<=2,"A",IF(D30<=5,"B",IF(D30<=7,"C",IF(D30<=10,"D",IF(D30<=13,"E",IF(D30<=16,"F",IF(D30<=18,"G"))))))) | P30: =IF(J30<=2,"A",IF(J30<=5,"B",IF(J30<=7,"C",IF(J30<=10,"D",IF(J30<=13,"E",IF(J30<=16,"F",IF(J30<=18,"G"))))))) | R30: =E30 | U30: =K30 | V30: 14~20 | W30: =SUM(B30,D30,F30,H30,J30) | X30: +
A31: 29 | F31: 1 | G31: =VLOOKUP(F31,オッズデータ入力!AA$7:AB$25,2,FALSE) | H31: 1 | I31: =VLOOKUP(H31,オッズデータ入力!AM$7:AN$25,2,FALSE) | N31: =IF(H31<=2,"A",IF(H31<=5,"B",IF(H31<=7,"C",IF(H31<=10,"D",IF(H31<=13,"E",IF(H31<=16,"F",IF(H31<=18,"G"))))))) | O31: =IF(H31<=2,"A",IF(H31<=5,"B",IF(H31<=7,"C",IF(H31<=10,"D",IF(H31<=13,"E",IF(H31<=16,"F",IF(H31<=18,"G"))))))) | S31: =G31 | T31: =I31 | V31: 14~20 | W31: =SUM(B31,D31,F31,H31,J31) | X31: +
A32: 30 | F32: 1 | G32: =VLOOKUP(F32,オッズデータ入力!AA$7:AB$25,2,FALSE) | H32: 2 | I32: =VLOOKUP(H32,オッズデータ入力!AM$7:AN$25,2,FALSE) | N32: =IF(H32<=2,"A",IF(H32<=5,"B",IF(H32<=7,"C",IF(H32<=10,"D",IF(H32<=13,"E",IF(H32<=16,"F",IF(H32<=18,"G"))))))) | O32: =IF(H32<=2,"A",IF(H32<=5,"B",IF(H32<=7,"C",IF(H32<=10,"D",IF(H32<=13,"E",IF(H32<=16,"F",IF(H32<=18,"G"))))))) | S32: =G32 | T32: =I32 | V32: 14~20 | W32: =SUM(B32,D32,F32,H32,J32) | X32: +
A33: 31 | F33: 2 | G33: =VLOOKUP(F33,オッズデータ入力!AA$7:AB$25,2,FALSE) | H33: 1 | I33: =VLOOKUP(H33,オッズデータ入力!AM$7:AN$25,2,FALSE) | N33: =IF(H33<=2,"A",IF(H33<=5,"B",IF(H33<=7,"C",IF(H33<=10,"D",IF(H33<=13,"E",IF(H33<=16,"F",IF(H33<=18,"G"))))))) | O33: =IF(H33<=2,"A",IF(H33<=5,"B",IF(H33<=7,"C",IF(H33<=10,"D",IF(H33<=13,"E",IF(H33<=16,"F",IF(H33<=18,"G"))))))) | S33: =G33 | T33: =I33 | V33: 14~20 | W33: =SUM(B33,D33,F33,H33,J33) | X33: +
A34: 32 | F34: 2 | G34: =VLOOKUP(F34,オッズデータ入力!AA$7:AB$25,2,FALSE) | H34: 2 | I34: =VLOOKUP(H34,オッズデータ入力!AM$7:AN$25,2,FALSE) | N34: =IF(H34<=2,"A",IF(H34<=5,"B",IF(H34<=7,"C",IF(H34<=10,"D",IF(H34<=13,"E",IF(H34<=16,"F",IF(H34<=18,"G"))))))) | O34: =IF(H34<=2,"A",IF(H34<=5,"B",IF(H34<=7,"C",IF(H34<=10,"D",IF(H34<=13,"E",IF(H34<=16,"F",IF(H34<=18,"G"))))))) | S34: =G34 | T34: =I34 | V34: 14~20 | W34: =SUM(B34,D34,F34,H34,J34) | X34: +
A35: 33 | F35: 1 | G35: =VLOOKUP(F35,オッズデータ入力!AA$7:AB$25,2,FALSE) | J35: 1 | K35: =VLOOKUP(J35,オッズデータ入力!AY$7:AZ$25,2,FALSE) | N35: =IF(H35<=2,"A",IF(H35<=5,"B",IF(H35<=7,"C",IF(H35<=10,"D",IF(H35<=13,"E",IF(H35<=16,"F",IF(H35<=18,"G"))))))) | P35: =IF(J35<=2,"A",IF(J35<=5,"B",IF(J35<=7,"C",IF(J35<=10,"D",IF(J35<=13,"E",IF(J35<=16,"F",IF(J35<=18,"G"))))))) | S35: =G35 | U35: =K35 | V35: 14~20 | W35: =SUM(B35,D35,F35,H35,J35) | X35: +
A36: 34 | F36: 1 | G36: =VLOOKUP(F36,オッズデータ入力!AA$7:AB$25,2,FALSE) | J36: 2 | K36: =VLOOKUP(J36,オッズデータ入力!AY$7:AZ$25,2,FALSE) | N36: =IF(H36<=2,"A",IF(H36<=5,"B",IF(H36<=7,"C",IF(H36<=10,"D",IF(H36<=13,"E",IF(H36<=16,"F",IF(H36<=18,"G"))))))) | P36: =IF(J36<=2,"A",IF(J36<=5,"B",IF(J36<=7,"C",IF(J36<=10,"D",IF(J36<=13,"E",IF(J36<=16,"F",IF(J36<=18,"G"))))))) | S36: =G36 | U36: =K36 | V36: 14~20 | W36: =SUM(B36,D36,F36,H36,J36) | X36: +
A37: 35 | F37: 2 | G37: =VLOOKUP(F37,オッズデータ入力!AA$7:AB$25,2,FALSE) | J37: 1 | K37: =VLOOKUP(J37,オッズデータ入力!AY$7:AZ$25,2,FALSE) | N37: =IF(H37<=2,"A",IF(H37<=5,"B",IF(H37<=7,"C",IF(H37<=10,"D",IF(H37<=13,"E",IF(H37<=16,"F",IF(H37<=18,"G"))))))) | P37: =IF(J37<=2,"A",IF(J37<=5,"B",IF(J37<=7,"C",IF(J37<=10,"D",IF(J37<=13,"E",IF(J37<=16,"F",IF(J37<=18,"G"))))))) | S37: =G37 | U37: =K37 | V37: 14~20 | W37: =SUM(B37,D37,F37,H37,J37) | X37: +
A38: 36 | F38: 2 | G38: =VLOOKUP(F38,オッズデータ入力!AA$7:AB$25,2,FALSE) | J38: 2 | K38: =VLOOKUP(J38,オッズデータ入力!AY$7:AZ$25,2,FALSE) | N38: =IF(H38<=2,"A",IF(H38<=5,"B",IF(H38<=7,"C",IF(H38<=10,"D",IF(H38<=13,"E",IF(H38<=16,"F",IF(H38<=18,"G"))))))) | P38: =IF(J38<=2,"A",IF(J38<=5,"B",IF(J38<=7,"C",IF(J38<=10,"D",IF(J38<=13,"E",IF(J38<=16,"F",IF(J38<=18,"G"))))))) | S38: =G38 | U38: =K38 | V38: 14~20 | W38: =SUM(B38,D38,F38,H38,J38) | X38: +
A39: 37 | H39: 1 | I39: =VLOOKUP(H39,オッズデータ入力!AM$7:AN$25,2,FALSE) | J39: 1 | K39: =VLOOKUP(J39,オッズデータ入力!AY$7:AZ$25,2,FALSE) | O39: =IF(H39<=2,"A",IF(H39<=5,"B",IF(H39<=7,"C",IF(H39<=10,"D",IF(H39<=13,"E",IF(H39<=16,"F",IF(H39<=18,"G"))))))) | P39: =IF(J39<=2,"A",IF(J39<=5,"B",IF(J39<=7,"C",IF(J39<=10,"D",IF(J39<=13,"E",IF(J39<=16,"F",IF(J39<=18,"G"))))))) | T39: =I39 | U39: =K39 | V39: 14~20 | W39: =SUM(B39,D39,F39,H39,J39) | X39: +
A40: 38 | H40: 1 | I40: =VLOOKUP(H40,オッズデータ入力!AM$7:AN$25,2,FALSE) | J40: 2 | K40: =VLOOKUP(J40,オッズデータ入力!AY$7:AZ$25,2,FALSE) | O40: =IF(H40<=2,"A",IF(H40<=5,"B",IF(H40<=7,"C",IF(H40<=10,"D",IF(H40<=13,"E",IF(H40<=16,"F",IF(H40<=18,"G"))))))) | P40: =IF(J40<=2,"A",IF(J40<=5,"B",IF(J40<=7,"C",IF(J40<=10,"D",IF(J40<=13,"E",IF(J40<=16,"F",IF(J40<=18,"G"))))))) | T40: =I40 | U40: =K40 | V40: 14~20 | W40: =SUM(B40,D40,F40,H40,J40) | X40: +
A41: 39 | H41: 2 | I41: =VLOOKUP(H41,オッズデータ入力!AM$7:AN$25,2,FALSE) | J41: 1 | K41: =VLOOKUP(J41,オッズデータ入力!AY$7:AZ$25,2,FALSE) | O41: =IF(H41<=2,"A",IF(H41<=5,"B",IF(H41<=7,"C",IF(H41<=10,"D",IF(H41<=13,"E",IF(H41<=16,"F",IF(H41<=18,"G"))))))) | P41: =IF(J41<=2,"A",IF(J41<=5,"B",IF(J41<=7,"C",IF(J41<=10,"D",IF(J41<=13,"E",IF(J41<=16,"F",IF(J41<=18,"G"))))))) | T41: =I41 | U41: =K41 | V41: 14~20 | W41: =SUM(B41,D41,F41,H41,J41) | X41: +
A42: 40 | H42: 2 | I42: =VLOOKUP(H42,オッズデータ入力!AM$7:AN$25,2,FALSE) | J42: 2 | K42: =VLOOKUP(J42,オッズデータ入力!AY$7:AZ$25,2,FALSE) | O42: =IF(H42<=2,"A",IF(H42<=5,"B",IF(H42<=7,"C",IF(H42<=10,"D",IF(H42<=13,"E",IF(H42<=16,"F",IF(H42<=18,"G"))))))) | P42: =IF(J42<=2,"A",IF(J42<=5,"B",IF(J42<=7,"C",IF(J42<=10,"D",IF(J42<=13,"E",IF(J42<=16,"F",IF(J42<=18,"G"))))))) | T42: =I42 | U42: =K42 | V42: 14~20 | W42: =SUM(B42,D42,F42,H42,J42) | X42: +

Sheet 3回
B2: WIN1 | D2: WIN2 | F2: WIN3 | H2: WIN4 | J2: WIN5 | L2: WIN1 | M2: WIN2 | N2: WIN3 | O2: WIN4 | P2: WIN5 | Q2: WIN1 | R2: WIN2 | S2: WIN3 | T2: WIN4 | U2: WIN5 | V2: 人気の和 | W2: 人気の和
A3: 1 | B3: 1 | C3: =VLOOKUP(B3,オッズデータ入力!C$7:D$25,2,FALSE) | D3: 1 | E3: =VLOOKUP(D3,オッズデータ入力!O$7:P$25,2,FALSE) | F3: 1 | G3: =VLOOKUP(F3,オッズデータ入力!AA$7:AB$25,2,FALSE) | L3: =IF(B3<=2,"A",IF(B3<=5,"B",IF(B3<=7,"C",IF(B3<=10,"D",IF(B3<=13,"E",IF(B3<=16,"F",IF(B3<=18,"G"))))))) | M3: =IF(D3<=2,"A",IF(D3<=5,"B",IF(D3<=7,"C",IF(D3<=10,"D",IF(D3<=13,"E",IF(D3<=16,"F",IF(D3<=18,"G"))))))) | N3: =IF(F3<=2,"A",IF(F3<=5,"B",IF(F3<=7,"C",IF(F3<=10,"D",IF(F3<=13,"E",IF(F3<=16,"F",IF(F3<=18,"G"))))))) | Q3: =C3 | R3: =E3 | S3: =G3 | V3: 14~20 | W3: =SUM(B3,D3,F3,H3,J3) | X3: +
A4: 2 | B4: 1 | C4: =VLOOKUP(B4,オッズデータ入力!C$7:D$25,2,FALSE) | D4: 1 | E4: =VLOOKUP(D4,オッズデータ入力!O$7:P$25,2,FALSE) | F4: 2 | G4: =VLOOKUP(F4,オッズデータ入力!AA$7:AB$25,2,FALSE) | L4: =IF(B4<=2,"A",IF(B4<=5,"B",IF(B4<=7,"C",IF(B4<=10,"D",IF(B4<=13,"E",IF(B4<=16,"F",IF(B4<=18,"G"))))))) | M4: =IF(D4<=2,"A",IF(D4<=5,"B",IF(D4<=7,"C",IF(D4<=10,"D",IF(D4<=13,"E",IF(D4<=16,"F",IF(D4<=18,"G"))))))) | N4: =IF(F4<=2,"A",IF(F4<=5,"B",IF(F4<=7,"C",IF(F4<=10,"D",IF(F4<=13,"E",IF(F4<=16,"F",IF(F4<=18,"G"))))))) | Q4: =C4 | R4: =E4 | S4: =G4 | V4: 14~20 | W4: =SUM(B4,D4,F4,H4,J4) | X4: +
A5: 3 | B5: 1 | C5: =VLOOKUP(B5,オッズデータ入力!C$7:D$25,2,FALSE) | D5: 2 | E5: =VLOOKUP(D5,オッズデータ入力!O$7:P$25,2,FALSE) | F5: 1 | G5: =VLOOKUP(F5,オッズデータ入力!AA$7:AB$25,2,FALSE) | L5: =IF(B5<=2,"A",IF(B5<=5,"B",IF(B5<=7,"C",IF(B5<=10,"D",IF(B5<=13,"E",IF(B5<=16,"F",IF(B5<=18,"G"))))))) | M5: =IF(D5<=2,"A",IF(D5<=5,"B",IF(D5<=7,"C",IF(D5<=10,"D",IF(D5<=13,"E",IF(D5<=16,"F",IF(D5<=18,"G"))))))) | N5: =IF(F5<=2,"A",IF(F5<=5,"B",IF(F5<=7,"C",IF(F5<=10,"D",IF(F5<=13,"E",IF(F5<=16,"F",IF(F5<=18,"G"))))))) | Q5: =C5 | R5: =E5 | S5: =G5 | V5: 14~20 | W5: =SUM(B5,D5,F5,H5,J5) | X5: +
A6: 4 | B6: 1 | C6: =VLOOKUP(B6,オッズデータ入力!C$7:D$25,2,FALSE) | D6: 2 | E6: =VLOOKUP(D6,オッズデータ入力!O$7:P$25,2,FALSE) | F6: 2 | G6: =VLOOKUP(F6,オッズデータ入力!AA$7:AB$25,2,FALSE) | L6: =IF(B6<=2,"A",IF(B6<=5,"B",IF(B6<=7,"C",IF(B6<=10,"D",IF(B6<=13,"E",IF(B6<=16,"F",IF(B6<=18,"G"))))))) | M6: =IF(D6<=2,"A",IF(D6<=5,"B",IF(D6<=7,"C",IF(D6<=10,"D",IF(D6<=13,"E",IF(D6<=16,"F",IF(D6<=18,"G"))))))) | N6: =IF(F6<=2,"A",IF(F6<=5,"B",IF(F6<=7,"C",IF(F6<=10,"D",IF(F6<=13,"E",IF(F6<=16,"F",IF(F6<=18,"G"))))))) | Q6: =C6 | R6: =E6 | S6: =G6 | V6: 14~20 | W6: =SUM(B6,D6,F6,H6,J6) | X6: +
A7: 5 | B7: 2 | C7: =VLOOKUP(B7,オッズデータ入力!C$7:D$25,2,FALSE) | D7: 1 | E7: =VLOOKUP(D7,オッズデータ入力!O$7:P$25,2,FALSE) | F7: 1 | G7: =VLOOKUP(F7,オッズデータ入力!AA$7:AB$25,2,FALSE) | L7: =IF(B7<=2,"A",IF(B7<=5,"B",IF(B7<=7,"C",IF(B7<=10,"D",IF(B7<=13,"E",IF(B7<=16,"F",IF(B7<=18,"G"))))))) | M7: =IF(D7<=2,"A",IF(D7<=5,"B",IF(D7<=7,"C",IF(D7<=10,"D",IF(D7<=13,"E",IF(D7<=16,"F",IF(D7<=18,"G"))))))) | N7: =IF(F7<=2,"A",IF(F7<=5,"B",IF(F7<=7,"C",IF(F7<=10,"D",IF(F7<=13,"E",IF(F7<=16,"F",IF(F7<=18,"G"))))))) | Q7: =C7 | R7: =E7 | S7: =G7 | V7: 14~20 | W7: =SUM(B7,D7,F7,H7,J7) | X7: +
A8: 6 | B8: 2 | C8: =VLOOKUP(B8,オッズデータ入力!C$7:D$25,2,FALSE) | D8: 1 | E8: =VLOOKUP(D8,オッズデータ入力!O$7:P$25,2,FALSE) | F8: 2 | G8: =VLOOKUP(F8,オッズデータ入力!AA$7:AB$25,2,FALSE) | L8: =IF(B8<=2,"A",IF(B8<=5,"B",IF(B8<=7,"C",IF(B8<=10,"D",IF(B8<=13,"E",IF(B8<=16,"F",IF(B8<=18,"G"))))))) | M8: =IF(D8<=2,"A",IF(D8<=5,"B",IF(D8<=7,"C",IF(D8<=10,"D",IF(D8<=13,"E",IF(D8<=16,"F",IF(D8<=18,"G"))))))) | N8: =IF(F8<=2,"A",IF(F8<=5,"B",IF(F8<=7,"C",IF(F8<=10,"D",IF(F8<=13,"E",IF(F8<=16,"F",IF(F8<=18,"G"))))))) | Q8: =C8 | R8: =E8 | S8: =G8 | V8: 14~20 | W8: =SUM(B8,D8,F8,H8,J8) | X8: +
A9: 7 | B9: 2 | C9: =VLOOKUP(B9,オッズデータ入力!C$7:D$25,2,FALSE) | D9: 2 | E9: =VLOOKUP(D9,オッズデータ入力!O$7:P$25,2,FALSE) | F9: 1 | G9: =VLOOKUP(F9,オッズデータ入力!AA$7:AB$25,2,FALSE) | L9: =IF(B9<=2,"A",IF(B9<=5,"B",IF(B9<=7,"C",IF(B9<=10,"D",IF(B9<=13,"E",IF(B9<=16,"F",IF(B9<=18,"G"))))))) | M9: =IF(D9<=2,"A",IF(D9<=5,"B",IF(D9<=7,"C",IF(D9<=10,"D",IF(D9<=13,"E",IF(D9<=16,"F",IF(D9<=18,"G"))))))) | N9: =IF(F9<=2,"A",IF(F9<=5,"B",IF(F9<=7,"C",IF(F9<=10,"D",IF(F9<=13,"E",IF(F9<=16,"F",IF(F9<=18,"G"))))))) | Q9: =C9 | R9: =E9 | S9: =G9 | V9: 14~20 | W9: =SUM(B9,D9,F9,H9,J9) | X9: +
A10: 8 | B10: 2 | C10: =VLOOKUP(B10,オッズデータ入力!C$7:D$25,2,FALSE) | D10: 2 | E10: =VLOOKUP(D10,オッズデータ入力!O$7:P$25,2,FALSE) | F10: 2 | G10: =VLOOKUP(F10,オッズデータ入力!AA$7:AB$25,2,FALSE) | L10: =IF(B10<=2,"A",IF(B10<=5,"B",IF(B10<=7,"C",IF(B10<=10,"D",IF(B10<=13,"E",IF(B10<=16,"F",IF(B10<=18,"G"))))))) | M10: =IF(D10<=2,"A",IF(D10<=5,"B",IF(D10<=7,"C",IF(D10<=10,"D",IF(D10<=13,"E",IF(D10<=16,"F",IF(D10<=18,"G"))))))) | N10: =IF(F10<=2,"A",IF(F10<=5,"B",IF(F10<=7,"C",IF(F10<=10,"D",IF(F10<=13,"E",IF(F10<=16,"F",IF(F10<=18,"G"))))))) | Q10: =C10 | R10: =E10 | S10: =G10 | V10: 14~20 | W10: =SUM(B10,D10,F10,H10,J10) | X10: +
A11: 9 | B11: 1 | C11: =VLOOKUP(B11,オッズデータ入力!C$7:D$25,2,FALSE) | D11: 1 | E11: =VLOOKUP(D11,オッズデータ入力!O$7:P$25,2,FALSE) | H11: 1 | I11: =VLOOKUP(H11,オッズデータ入力!AM$7:AN$25,2,FALSE) | L11: =IF(B11<=2,"A",IF(B11<=5,"B",IF(B11<=7,"C",IF(B11<=10,"D",IF(B11<=13,"E",IF(B11<=16,"F",IF(B11<=18,"G"))))))) | M11: =IF(D11<=2,"A",IF(D11<=5,"B",IF(D11<=7,"C",IF(D11<=10,"D",IF(D11<=13,"E",IF(D11<=16,"F",IF(D11<=18,"G"))))))) | O11: =IF(H11<=2,"A",IF(H11<=5,"B",IF(H11<=7,"C",IF(H11<=10,"D",IF(H11<=13,"E",IF(H11<=16,"F",IF(H11<=18,"G"))))))) | Q11: =C11 | R11: =E11 | T11: =I11 | V11: 14~20 | W11: =SUM(B11,D11,F11,H11,J11) | X11: +
A12: 10 | B12: 1 | C12: =VLOOKUP(B12,オッズデータ入力!C$7:D$25,2,FALSE) | D12: 1 | E12: =VLOOKUP(D12,オッズデータ入力!O$7:P$25,2,FALSE) | H12: 2 | I12: =VLOOKUP(H12,オッズデータ入力!AM$7:AN$25,2,FALSE) | L12: =IF(B12<=2,"A",IF(B12<=5,"B",IF(B12<=7,"C",IF(B12<=10,"D",IF(B12<=13,"E",IF(B12<=16,"F",IF(B12<=18,"G"))))))) | M12: =IF(D12<=2,"A",IF(D12<=5,"B",IF(D12<=7,"C",IF(D12<=10,"D",IF(D12<=13,"E",IF(D12<=16,"F",IF(D12<=18,"G"))))))) | O12: =IF(H12<=2,"A",IF(H12<=5,"B",IF(H12<=7,"C",IF(H12<=10,"D",IF(H12<=13,"E",IF(H12<=16,"F",IF(H12<=18,"G"))))))) | Q12: =C12 | R12: =E12 | T12: =I12 | V12: 14~20 | W12: =SUM(B12,D12,F12,H12,J12) | X12: +
A13: 11 | B13: 1 | C13: =VLOOKUP(B13,オッズデータ入力!C$7:D$25,2,FALSE) | D13: 2 | E13: =VLOOKUP(D13,オッズデータ入力!O$7:P$25,2,FALSE) | H13: 1 | I13: =VLOOKUP(H13,オッズデータ入力!AM$7:AN$25,2,FALSE) | L13: =IF(B13<=2,"A",IF(B13<=5,"B",IF(B13<=7,"C",IF(B13<=10,"D",IF(B13<=13,"E",IF(B13<=16,"F",IF(B13<=18,"G"))))))) | M13: =IF(D13<=2,"A",IF(D13<=5,"B",IF(D13<=7,"C",IF(D13<=10,"D",IF(D13<=13,"E",IF(D13<=16,"F",IF(D13<=18,"G"))))))) | O13: =IF(H13<=2,"A",IF(H13<=5,"B",IF(H13<=7,"C",IF(H13<=10,"D",IF(H13<=13,"E",IF(H13<=16,"F",IF(H13<=18,"G"))))))) | Q13: =C13 | R13: =E13 | T13: =I13 | V13: 14~20 | W13: =SUM(B13,D13,F13,H13,J13) | X13: +
A14: 12 | B14: 1 | C14: =VLOOKUP(B14,オッズデータ入力!C$7:D$25,2,FALSE) | D14: 2 | E14: =VLOOKUP(D14,オッズデータ入力!O$7:P$25,2,FALSE) | H14: 2 | I14: =VLOOKUP(H14,オッズデータ入力!AM$7:AN$25,2,FALSE) | L14: =IF(B14<=2,"A",IF(B14<=5,"B",IF(B14<=7,"C",IF(B14<=10,"D",IF(B14<=13,"E",IF(B14<=16,"F",IF(B14<=18,"G"))))))) | M14: =IF(D14<=2,"A",IF(D14<=5,"B",IF(D14<=7,"C",IF(D14<=10,"D",IF(D14<=13,"E",IF(D14<=16,"F",IF(D14<=18,"G"))))))) | O14: =IF(H14<=2,"A",IF(H14<=5,"B",IF(H14<=7,"C",IF(H14<=10,"D",IF(H14<=13,"E",IF(H14<=16,"F",IF(H14<=18,"G"))))))) | Q14: =C14 | R14: =E14 | T14: =I14 | V14: 14~20 | W14: =SUM(B14,D14,F14,H14,J14) | X14: +
A15: 13 | B15: 2 | C15: =VLOOKUP(B15,オッズデータ入力!C$7:D$25,2,FALSE) | D15: 1 | E15: =VLOOKUP(D15,オッズデータ入力!O$7:P$25,2,FALSE) | H15: 1 | I15: =VLOOKUP(H15,オッズデータ入力!AM$7:AN$25,2,FALSE) | L15: =IF(B15<=2,"A",IF(B15<=5,"B",IF(B15<=7,"C",IF(B15<=10,"D",IF(B15<=13,"E",IF(B15<=16,"F",IF(B15<=18,"G"))))))) | M15: =IF(D15<=2,"A",IF(D15<=5,"B",IF(D15<=7,"C",IF(D15<=10,"D",IF(D15<=13,"E",IF(D15<=16,"F",IF(D15<=18,"G"))))))) | O15: =IF(H15<=2,"A",IF(H15<=5,"B",IF(H15<=7,"C",IF(H15<=10,"D",IF(H15<=13,"E",IF(H15<=16,"F",IF(H15<=18,"G"))))))) | Q15: =C15 | R15: =E15 | T15: =I15 | V15: 14~20 | W15: =SUM(B15,D15,F15,H15,J15) | X15: +
A16: 14 | B16: 2 | C16: =VLOOKUP(B16,オッズデータ入力!C$7:D$25,2,FALSE) | D16: 1 | E16: =VLOOKUP(D16,オッズデータ入力!O$7:P$25,2,FALSE) | H16: 2 | I16: =VLOOKUP(H16,オッズデータ入力!AM$7:AN$25,2,FALSE) | L16: =IF(B16<=2,"A",IF(B16<=5,"B",IF(B16<=7,"C",IF(B16<=10,"D",IF(B16<=13,"E",IF(B16<=16,"F",IF(B16<=18,"G"))))))) | M16: =IF(D16<=2,"A",IF(D16<=5,"B",IF(D16<=7,"C",IF(D16<=10,"D",IF(D16<=13,"E",IF(D16<=16,"F",IF(D16<=18,"G"))))))) | O16: =IF(H16<=2,"A",IF(H16<=5,"B",IF(H16<=7,"C",IF(H16<=10,"D",IF(H16<=13,"E",IF(H16<=16,"F",IF(H16<=18,"G"))))))) | Q16: =C16 | R16: =E16 | T16: =I16 | V16: 14~20 | W16: =SUM(B16,D16,F16,H16,J16) | X16: +
A17: 15 | B17: 2 | C17: =VLOOKUP(B17,オッズデータ入力!C$7:D$25,2,FALSE) | D17: 2 | E17: =VLOOKUP(D17,オッズデータ入力!O$7:P$25,2,FALSE) | H17: 1 | I17: =VLOOKUP(H17,オッズデータ入力!AM$7:AN$25,2,FALSE) | L17: =IF(B17<=2,"A",IF(B17<=5,"B",IF(B17<=7,"C",IF(B17<=10,"D",IF(B17<=13,"E",IF(B17<=16,"F",IF(B17<=18,"G"))))))) | M17: =IF(D17<=2,"A",IF(D17<=5,"B",IF(D17<=7,"C",IF(D17<=10,"D",IF(D17<=13,"E",IF(D17<=16,"F",IF(D17<=18,"G"))))))) | O17: =IF(H17<=2,"A",IF(H17<=5,"B",IF(H17<=7,"C",IF(H17<=10,"D",IF(H17<=13,"E",IF(H17<=16,"F",IF(H17<=18,"G"))))))) | Q17: =C17 | R17: =E17 | T17: =I17 | V17: 14~20 | W17: =SUM(B17,D17,F17,H17,J17) | X17: +
A18: 16 | B18: 2 | C18: =VLOOKUP(B18,オッズデータ入力!C$7:D$25,2,FALSE) | D18: 2 | E18: =VLOOKUP(D18,オッズデータ入力!O$7:P$25,2,FALSE) | H18: 2 | I18: =VLOOKUP(H18,オッズデータ入力!AM$7:AN$25,2,FALSE) | L18: =IF(B18<=2,"A",IF(B18<=5,"B",IF(B18<=7,"C",IF(B18<=10,"D",IF(B18<=13,"E",IF(B18<=16,"F",IF(B18<=18,"G"))))))) | M18: =IF(D18<=2,"A",IF(D18<=5,"B",IF(D18<=7,"C",IF(D18<=10,"D",IF(D18<=13,"E",IF(D18<=16,"F",IF(D18<=18,"G"))))))) | O18: =IF(H18<=2,"A",IF(H18<=5,"B",IF(H18<=7,"C",IF(H18<=10,"D",IF(H18<=13,"E",IF(H18<=16,"F",IF(H18<=18,"G"))))))) | Q18: =C18 | R18: =E18 | T18: =I18 | V18: 14~20 | W18: =SUM(B18,D18,F18,H18,J18) | X18: +
A19: 17 | B19: 1 | C19: =VLOOKUP(B19,オッズデータ入力!C$7:D$25,2,FALSE) | D19: 1 | E19: =VLOOKUP(D19,オッズデータ入力!O$7:P$25,2,FALSE) | J19: 1 | K19: =VLOOKUP(J19,オッズデータ入力!AY$7:AZ$25,2,FALSE) | L19: =IF(B19<=2,"A",IF(B19<=5,"B",IF(B19<=7,"C",IF(B19<=10,"D",IF(B19<=13,"E",IF(B19<=16,"F",IF(B19<=18,"G"))))))) | M19: =IF(D19<=2,"A",IF(D19<=5,"B",IF(D19<=7,"C",IF(D19<=10,"D",IF(D19<=13,"E",IF(D19<=16,"F",IF(D19<=18,"G"))))))) | P19: =IF(J19<=2,"A",IF(J19<=5,"B",IF(J19<=7,"C",IF(J19<=10,"D",IF(J19<=13,"E",IF(J19<=16,"F",IF(J19<=18,"G"))))))) | Q19: =C19 | R19: =E19 | U19: =K19 | V19: 14~20 | W19: =SUM(B19,D19,F19,H19,J19) | X19: +
A20: 18 | B20: 1 | C20: =VLOOKUP(B20,オッズデータ入力!C$7:D$25,2,FALSE) | D20: 1 | E20: =VLOOKUP(D20,オッズデータ入力!O$7:P$25,2,FALSE) | J20: 2 | K20: =VLOOKUP(J20,オッズデータ入力!AY$7:AZ$25,2,FALSE) | L20: =IF(B20<=2,"A",IF(B20<=5,"B",IF(B20<=7,"C",IF(B20<=10,"D",IF(B20<=13,"E",IF(B20<=16,"F",IF(B20<=18,"G"))))))) | M20: =IF(D20<=2,"A",IF(D20<=5,"B",IF(D20<=7,"C",IF(D20<=10,"D",IF(D20<=13,"E",IF(D20<=16,"F",IF(D20<=18,"G"))))))) | P20: =IF(J20<=2,"A",IF(J20<=5,"B",IF(J20<=7,"C",IF(J20<=10,"D",IF(J20<=13,"E",IF(J20<=16,"F",IF(J20<=18,"G"))))))) | Q20: =C20 | R20: =E20 | U20: =K20 | V20: 14~20 | W20: =SUM(B20,D20,F20,H20,J20) | X20: +
A21: 19 | B21: 1 | C21: =VLOOKUP(B21,オッズデータ入力!C$7:D$25,2,FALSE) | D21: 2 | E21: =VLOOKUP(D21,オッズデータ入力!O$7:P$25,2,FALSE) | J21: 1 | K21: =VLOOKUP(J21,オッズデータ入力!AY$7:AZ$25,2,FALSE) | L21: =IF(B21<=2,"A",IF(B21<=5,"B",IF(B21<=7,"C",IF(B21<=10,"D",IF(B21<=13,"E",IF(B21<=16,"F",IF(B21<=18,"G"))))))) | M21: =IF(D21<=2,"A",IF(D21<=5,"B",IF(D21<=7,"C",IF(D21<=10,"D",IF(D21<=13,"E",IF(D21<=16,"F",IF(D21<=18,"G"))))))) | P21: =IF(J21<=2,"A",IF(J21<=5,"B",IF(J21<=7,"C",IF(J21<=10,"D",IF(J21<=13,"E",IF(J21<=16,"F",IF(J21<=18,"G"))))))) | Q21: =C21 | R21: =E21 | U21: =K21 | V21: 14~20 | W21: =SUM(B21,D21,F21,H21,J21) | X21: +
A22: 20 | B22: 1 | C22: =VLOOKUP(B22,オッズデータ入力!C$7:D$25,2,FALSE) | D22: 2 | E22: =VLOOKUP(D22,オッズデータ入力!O$7:P$25,2,FALSE) | J22: 2 | K22: =VLOOKUP(J22,オッズデータ入力!AY$7:AZ$25,2,FALSE) | L22: =IF(B22<=2,"A",IF(B22<=5,"B",IF(B22<=7,"C",IF(B22<=10,"D",IF(B22<=13,"E",IF(B22<=16,"F",IF(B22<=18,"G"))))))) | M22: =IF(D22<=2,"A",IF(D22<=5,"B",IF(D22<=7,"C",IF(D22<=10,"D",IF(D22<=13,"E",IF(D22<=16,"F",IF(D22<=18,"G"))))))) | P22: =IF(J22<=2,"A",IF(J22<=5,"B",IF(J22<=7,"C",IF(J22<=10,"D",IF(J22<=13,"E",IF(J22<=16,"F",IF(J22<=18,"G"))))))) | Q22: =C22 | R22: =E22 | U22: =K22 | V22: 14~20 | W22: =SUM(B22,D22,F22,H22,J22) | X22: +
A23: 21 | B23: 2 | C23: =VLOOKUP(B23,オッズデータ入力!C$7:D$25,2,FALSE) | D23: 1 | E23: =VLOOKUP(D23,オッズデータ入力!O$7:P$25,2,FALSE) | J23: 1 | K23: =VLOOKUP(J23,オッズデータ入力!AY$7:AZ$25,2,FALSE) | L23: =IF(B23<=2,"A",IF(B23<=5,"B",IF(B23<=7,"C",IF(B23<=10,"D",IF(B23<=13,"E",IF(B23<=16,"F",IF(B23<=18,"G"))))))) | M23: =IF(D23<=2,"A",IF(D23<=5,"B",IF(D23<=7,"C",IF(D23<=10,"D",IF(D23<=13,"E",IF(D23<=16,"F",IF(D23<=18,"G"))))))) | P23: =IF(J23<=2,"A",IF(J23<=5,"B",IF(J23<=7,"C",IF(J23<=10,"D",IF(J23<=13,"E",IF(J23<=16,"F",IF(J23<=18,"G"))))))) | Q23: =C23 | R23: =E23 | U23: =K23 | V23: 14~20 | W23: =SUM(B23,D23,F23,H23,J23) | X23: +
A24: 22 | B24: 2 | C24: =VLOOKUP(B24,オッズデータ入力!C$7:D$25,2,FALSE) | D24: 1 | E24: =VLOOKUP(D24,オッズデータ入力!O$7:P$25,2,FALSE) | J24: 2 | K24: =VLOOKUP(J24,オッズデータ入力!AY$7:AZ$25,2,FALSE) | L24: =IF(B24<=2,"A",IF(B24<=5,"B",IF(B24<=7,"C",IF(B24<=10,"D",IF(B24<=13,"E",IF(B24<=16,"F",IF(B24<=18,"G"))))))) | M24: =IF(D24<=2,"A",IF(D24<=5,"B",IF(D24<=7,"C",IF(D24<=10,"D",IF(D24<=13,"E",IF(D24<=16,"F",IF(D24<=18,"G"))))))) | P24: =IF(J24<=2,"A",IF(J24<=5,"B",IF(J24<=7,"C",IF(J24<=10,"D",IF(J24<=13,"E",IF(J24<=16,"F",IF(J24<=18,"G"))))))) | Q24: =C24 | R24: =E24 | U24: =K24 | V24: 14~20 | W24: =SUM(B24,D24,F24,H24,J24) | X24: +
A25: 23 | B25: 2 | C25: =VLOOKUP(B25,オッズデータ入力!C$7:D$25,2,FALSE) | D25: 2 | E25: =VLOOKUP(D25,オッズデータ入力!O$7:P$25,2,FALSE) | J25: 1 | K25: =VLOOKUP(J25,オッズデータ入力!AY$7:AZ$25,2,FALSE) | L25: =IF(B25<=2,"A",IF(B25<=5,"B",IF(B25<=7,"C",IF(B25<=10,"D",IF(B25<=13,"E",IF(B25<=16,"F",IF(B25<=18,"G"))))))) | M25: =IF(D25<=2,"A",IF(D25<=5,"B",IF(D25<=7,"C",IF(D25<=10,"D",IF(D25<=13,"E",IF(D25<=16,"F",IF(D25<=18,"G"))))))) | P25: =IF(J25<=2,"A",IF(J25<=5,"B",IF(J25<=7,"C",IF(J25<=10,"D",IF(J25<=13,"E",IF(J25<=16,"F",IF(J25<=18,"G"))))))) | Q25: =C25 | R25: =E25 | U25: =K25 | V25: 14~20 | W25: =SUM(B25,D25,F25,H25,J25) | X25: +
A26: 24 | B26: 2 | C26: =VLOOKUP(B26,オッズデータ入力!C$7:D$25,2,FALSE) | D26: 2 | E26: =VLOOKUP(D26,オッズデータ入力!O$7:P$25,2,FALSE) | J26: 2 | K26: =VLOOKUP(J26,オッズデータ入力!AY$7:AZ$25,2,FALSE) | L26: =IF(B26<=2,"A",IF(B26<=5,"B",IF(B26<=7,"C",IF(B26<=10,"D",IF(B26<=13,"E",IF(B26<=16,"F",IF(B26<=18,"G"))))))) | M26: =IF(D26<=2,"A",IF(D26<=5,"B",IF(D26<=7,"C",IF(D26<=10,"D",IF(D26<=13,"E",IF(D26<=16,"F",IF(D26<=18,"G"))))))) | P26: =IF(J26<=2,"A",IF(J26<=5,"B",IF(J26<=7,"C",IF(J26<=10,"D",IF(J26<=13,"E",IF(J26<=16,"F",IF(J26<=18,"G"))))))) | Q26: =C26 | R26: =E26 | U26: =K26 | V26: 14~20 | W26: =SUM(B26,D26,F26,H26,J26) | X26: +
A27: 25 | B27: 1 | C27: =VLOOKUP(B27,オッズデータ入力!C$7:D$25,2,FALSE) | F27: 1 | G27: =VLOOKUP(F27,オッズデータ入力!AA$7:AB$25,2,FALSE) | H27: 1 | I27: =VLOOKUP(H27,オッズデータ入力!AM$7:AN$25,2,FALSE) | L27: =IF(B27<=2,"A",IF(B27<=5,"B",IF(B27<=7,"C",IF(B27<=10,"D",IF(B27<=13,"E",IF(B27<=16,"F",IF(B27<=18,"G"))))))) | N27: =IF(F27<=2,"A",IF(F27<=5,"B",IF(F27<=7,"C",IF(F27<=10,"D",IF(F27<=13,"E",IF(F27<=16,"F",IF(F27<=18,"G"))))))) | O27: =IF(H27<=2,"A",IF(H27<=5,"B",IF(H27<=7,"C",IF(H27<=10,"D",IF(H27<=13,"E",IF(H27<=16,"F",IF(H27<=18,"G"))))))) | Q27: =C27 | S27: =G27 | T27: =I27 | V27: 14~20 | W27: =SUM(B27,D27,F27,H27,J27) | X27: +
A28: 26 | B28: 1 | C28: =VLOOKUP(B28,オッズデータ入力!C$7:D$25,2,FALSE) | F28: 1 | G28: =VLOOKUP(F28,オッズデータ入力!AA$7:AB$25,2,FALSE) | H28: 2 | I28: =VLOOKUP(H28,オッズデータ入力!AM$7:AN$25,2,FALSE) | L28: =IF(B28<=2,"A",IF(B28<=5,"B",IF(B28<=7,"C",IF(B28<=10,"D",IF(B28<=13,"E",IF(B28<=16,"F",IF(B28<=18,"G"))))))) | N28: =IF(F28<=2,"A",IF(F28<=5,"B",IF(F28<=7,"C",IF(F28<=10,"D",IF(F28<=13,"E",IF(F28<=16,"F",IF(F28<=18,"G"))))))) | O28: =IF(H28<=2,"A",IF(H28<=5,"B",IF(H28<=7,"C",IF(H28<=10,"D",IF(H28<=13,"E",IF(H28<=16,"F",IF(H28<=18,"G"))))))) | Q28: =C28 | S28: =G28 | T28: =I28 | V28: 14~20 | W28: =SUM(B28,D28,F28,H28,J28) | X28: +
A29: 27 | B29: 1 | C29: =VLOOKUP(B29,オッズデータ入力!C$7:D$25,2,FALSE) | F29: 2 | G29: =VLOOKUP(F29,オッズデータ入力!AA$7:AB$25,2,FALSE) | H29: 1 | I29: =VLOOKUP(H29,オッズデータ入力!AM$7:AN$25,2,FALSE) | L29: =IF(B29<=2,"A",IF(B29<=5,"B",IF(B29<=7,"C",IF(B29<=10,"D",IF(B29<=13,"E",IF(B29<=16,"F",IF(B29<=18,"G"))))))) | N29: =IF(F29<=2,"A",IF(F29<=5,"B",IF(F29<=7,"C",IF(F29<=10,"D",IF(F29<=13,"E",IF(F29<=16,"F",IF(F29<=18,"G"))))))) | O29: =IF(H29<=2,"A",IF(H29<=5,"B",IF(H29<=7,"C",IF(H29<=10,"D",IF(H29<=13,"E",IF(H29<=16,"F",IF(H29<=18,"G"))))))) | Q29: =C29 | S29: =G29 | T29: =I29 | V29: 14~20 | W29: =SUM(B29,D29,F29,H29,J29) | X29: +
A30: 28 | B30: 1 | C30: =VLOOKUP(B30,オッズデータ入力!C$7:D$25,2,FALSE) | F30: 2 | G30: =VLOOKUP(F30,オッズデータ入力!AA$7:AB$25,2,FALSE) | H30: 2 | I30: =VLOOKUP(H30,オッズデータ入力!AM$7:AN$25,2,FALSE) | L30: =IF(B30<=2,"A",IF(B30<=5,"B",IF(B30<=7,"C",IF(B30<=10,"D",IF(B30<=13,"E",IF(B30<=16,"F",IF(B30<=18,"G"))))))) | N30: =IF(F30<=2,"A",IF(F30<=5,"B",IF(F30<=7,"C",IF(F30<=10,"D",IF(F30<=13,"E",IF(F30<=16,"F",IF(F30<=18,"G"))))))) | O30: =IF(H30<=2,"A",IF(H30<=5,"B",IF(H30<=7,"C",IF(H30<=10,"D",IF(H30<=13,"E",IF(H30<=16,"F",IF(H30<=18,"G"))))))) | Q30: =C30 | S30: =G30 | T30: =I30 | V30: 14~20 | W30: =SUM(B30,D30,F30,H30,J30) | X30: +
A31: 29 | B31: 2 | C31: =VLOOKUP(B31,オッズデータ入力!C$7:D$25,2,FALSE) | F31: 1 | G31: =VLOOKUP(F31,オッズデータ入力!AA$7:AB$25,2,FALSE) | H31: 1 | I31: =VLOOKUP(H31,オッズデータ入力!AM$7:AN$25,2,FALSE) | L31: =IF(B31<=2,"A",IF(B31<=5,"B",IF(B31<=7,"C",IF(B31<=10,"D",IF(B31<=13,"E",IF(B31<=16,"F",IF(B31<=18,"G"))))))) | N31: =IF(F31<=2,"A",IF(F31<=5,"B",IF(F31<=7,"C",IF(F31<=10,"D",IF(F31<=13,"E",IF(F31<=16,"F",IF(F31<=18,"G"))))))) | O31: =IF(H31<=2,"A",IF(H31<=5,"B",IF(H31<=7,"C",IF(H31<=10,"D",IF(H31<=13,"E",IF(H31<=16,"F",IF(H31<=18,"G"))))))) | Q31: =C31 | S31: =G31 | T31: =I31 | V31: 14~20 | W31: =SUM(B31,D31,F31,H31,J31) | X31: +
A32: 30 | B32: 2 | C32: =VLOOKUP(B32,オッズデータ入力!C$7:D$25,2,FALSE) | F32: 1 | G32: =VLOOKUP(F32,オッズデータ入力!AA$7:AB$25,2,FALSE) | H32: 2 | I32: =VLOOKUP(H32,オッズデータ入力!AM$7:AN$25,2,FALSE) | L32: =IF(B32<=2,"A",IF(B32<=5,"B",IF(B32<=7,"C",IF(B32<=10,"D",IF(B32<=13,"E",IF(B32<=16,"F",IF(B32<=18,"G"))))))) | N32: =IF(F32<=2,"A",IF(F32<=5,"B",IF(F32<=7,"C",IF(F32<=10,"D",IF(F32<=13,"E",IF(F32<=16,"F",IF(F32<=18,"G"))))))) | O32: =IF(H32<=2,"A",IF(H32<=5,"B",IF(H32<=7,"C",IF(H32<=10,"D",IF(H32<=13,"E",IF(H32<=16,"F",IF(H32<=18,"G"))))))) | Q32: =C32 | S32: =G32 | T32: =I32 | V32: 14~20 | W32: =SUM(B32,D32,F32,H32,J32) | X32: +
A33: 31 | B33: 2 | C33: =VLOOKUP(B33,オッズデータ入力!C$7:D$25,2,FALSE) | F33: 2 | G33: =VLOOKUP(F33,オッズデータ入力!AA$7:AB$25,2,FALSE) | H33: 1 | I33: =VLOOKUP(H33,オッズデータ入力!AM$7:AN$25,2,FALSE) | L33: =IF(B33<=2,"A",IF(B33<=5,"B",IF(B33<=7,"C",IF(B33<=10,"D",IF(B33<=13,"E",IF(B33<=16,"F",IF(B33<=18,"G"))))))) | N33: =IF(F33<=2,"A",IF(F33<=5,"B",IF(F33<=7,"C",IF(F33<=10,"D",IF(F33<=13,"E",IF(F33<=16,"F",IF(F33<=18,"G"))))))) | O33: =IF(H33<=2,"A",IF(H33<=5,"B",IF(H33<=7,"C",IF(H33<=10,"D",IF(H33<=13,"E",IF(H33<=16,"F",IF(H33<=18,"G"))))))) | Q33: =C33 | S33: =G33 | T33: =I33 | V33: 14~20 | W33: =SUM(B33,D33,F33,H33,J33) | X33: +
A34: 32 | B34: 2 | C34: =VLOOKUP(B34,オッズデータ入力!C$7:D$25,2,FALSE) | F34: 2 | G34: =VLOOKUP(F34,オッズデータ入力!AA$7:AB$25,2,FALSE) | H34: 2 | I34: =VLOOKUP(H34,オッズデータ入力!AM$7:AN$25,2,FALSE) | L34: =IF(B34<=2,"A",IF(B34<=5,"B",IF(B34<=7,"C",IF(B34<=10,"D",IF(B34<=13,"E",IF(B34<=16,"F",IF(B34<=18,"G"))))))) | N34: =IF(F34<=2,"A",IF(F34<=5,"B",IF(F34<=7,"C",IF(F34<=10,"D",IF(F34<=13,"E",IF(F34<=16,"F",IF(F34<=18,"G"))))))) | O34: =IF(H34<=2,"A",IF(H34<=5,"B",IF(H34<=7,"C",IF(H34<=10,"D",IF(H34<=13,"E",IF(H34<=16,"F",IF(H34<=18,"G"))))))) | Q34: =C34 | S34: =G34 | T34: =I34 | V34: 14~20 | W34: =SUM(B34,D34,F34,H34,J34) | X34: +
A35: 33 | B35: 1 | C35: =VLOOKUP(B35,オッズデータ入力!C$7:D$25,2,FALSE) | F35: 1 | G35: =VLOOKUP(F35,オッズデータ入力!AA$7:AB$25,2,FALSE) | J35: 1 | K35: =VLOOKUP(J35,オッズデータ入力!AY$7:AZ$25,2,FALSE) | L35: =IF(B35<=2,"A",IF(B35<=5,"B",IF(B35<=7,"C",IF(B35<=10,"D",IF(B35<=13,"E",IF(B35<=16,"F",IF(B35<=18,"G"))))))) | N35: =IF(F35<=2,"A",IF(F35<=5,"B",IF(F35<=7,"C",IF(F35<=10,"D",IF(F35<=13,"E",IF(F35<=16,"F",IF(F35<=18,"G"))))))) | P35: =IF(J35<=2,"A",IF(J35<=5,"B",IF(J35<=7,"C",IF(J35<=10,"D",IF(J35<=13,"E",IF(J35<=16,"F",IF(J35<=18,"G"))))))) | Q35: =C35 | S35: =G35 | U35: =K35 | V35: 14~20 | W35: =SUM(B35,D35,F35,H35,J35) | X35: +
A36: 34 | B36: 1 | C36: =VLOOKUP(B36,オッズデータ入力!C$7:D$25,2,FALSE) | F36: 1 | G36: =VLOOKUP(F36,オッズデータ入力!AA$7:AB$25,2,FALSE) | J36: 2 | K36: =VLOOKUP(J36,オッズデータ入力!AY$7:AZ$25,2,FALSE) | L36: =IF(B36<=2,"A",IF(B36<=5,"B",IF(B36<=7,"C",IF(B36<=10,"D",IF(B36<=13,"E",IF(B36<=16,"F",IF(B36<=18,"G"))))))) | N36: =IF(F36<=2,"A",IF(F36<=5,"B",IF(F36<=7,"C",IF(F36<=10,"D",IF(F36<=13,"E",IF(F36<=16,"F",IF(F36<=18,"G"))))))) | P36: =IF(J36<=2,"A",IF(J36<=5,"B",IF(J36<=7,"C",IF(J36<=10,"D",IF(J36<=13,"E",IF(J36<=16,"F",IF(J36<=18,"G"))))))) | Q36: =C36 | S36: =G36 | U36: =K36 | V36: 14~20 | W36: =SUM(B36,D36,F36,H36,J36) | X36: +
A37: 35 | B37: 1 | C37: =VLOOKUP(B37,オッズデータ入力!C$7:D$25,2,FALSE) | F37: 2 | G37: =VLOOKUP(F37,オッズデータ入力!AA$7:AB$25,2,FALSE) | J37: 1 | K37: =VLOOKUP(J37,オッズデータ入力!AY$7:AZ$25,2,FALSE) | L37: =IF(B37<=2,"A",IF(B37<=5,"B",IF(B37<=7,"C",IF(B37<=10,"D",IF(B37<=13,"E",IF(B37<=16,"F",IF(B37<=18,"G"))))))) | N37: =IF(F37<=2,"A",IF(F37<=5,"B",IF(F37<=7,"C",IF(F37<=10,"D",IF(F37<=13,"E",IF(F37<=16,"F",IF(F37<=18,"G"))))))) | P37: =IF(J37<=2,"A",IF(J37<=5,"B",IF(J37<=7,"C",IF(J37<=10,"D",IF(J37<=13,"E",IF(J37<=16,"F",IF(J37<=18,"G"))))))) | Q37: =C37 | S37: =G37 | U37: =K37 | V37: 14~20 | W37: =SUM(B37,D37,F37,H37,J37) | X37: +
A38: 36 | B38: 1 | C38: =VLOOKUP(B38,オッズデータ入力!C$7:D$25,2,FALSE) | F38: 2 | G38: =VLOOKUP(F38,オッズデータ入力!AA$7:AB$25,2,FALSE) | J38: 2 | K38: =VLOOKUP(J38,オッズデータ入力!AY$7:AZ$25,2,FALSE) | L38: =IF(B38<=2,"A",IF(B38<=5,"B",IF(B38<=7,"C",IF(B38<=10,"D",IF(B38<=13,"E",IF(B38<=16,"F",IF(B38<=18,"G"))))))) | N38: =IF(F38<=2,"A",IF(F38<=5,"B",IF(F38<=7,"C",IF(F38<=10,"D",IF(F38<=13,"E",IF(F38<=16,"F",IF(F38<=18,"G"))))))) | P38: =IF(J38<=2,"A",IF(J38<=5,"B",IF(J38<=7,"C",IF(J38<=10,"D",IF(J38<=13,"E",IF(J38<=16,"F",IF(J38<=18,"G"))))))) | Q38: =C38 | S38: =G38 | U38: =K38 | V38: 14~20 | W38: =SUM(B38,D38,F38,H38,J38) | X38: +
A39: 37 | B39: 2 | C39: =VLOOKUP(B39,オッズデータ入力!C$7:D$25,2,FALSE) | F39: 1 | G39: =VLOOKUP(F39,オッズデータ入力!AA$7:AB$25,2,FALSE) | J39: 1 | K39: =VLOOKUP(J39,オッズデータ入力!AY$7:AZ$25,2,FALSE) | L39: =IF(B39<=2,"A",IF(B39<=5,"B",IF(B39<=7,"C",IF(B39<=10,"D",IF(B39<=13,"E",IF(B39<=16,"F",IF(B39<=18,"G"))))))) | N39: =IF(F39<=2,"A",IF(F39<=5,"B",IF(F39<=7,"C",IF(F39<=10,"D",IF(F39<=13,"E",IF(F39<=16,"F",IF(F39<=18,"G"))))))) | P39: =IF(J39<=2,"A",IF(J39<=5,"B",IF(J39<=7,"C",IF(J39<=10,"D",IF(J39<=13,"E",IF(J39<=16,"F",IF(J39<=18,"G"))))))) | Q39: =C39 | S39: =G39 | U39: =K39 | V39: 14~20 | W39: =SUM(B39,D39,F39,H39,J39) | X39: +
A40: 38 | B40: 2 | C40: =VLOOKUP(B40,オッズデータ入力!C$7:D$25,2,FALSE) | F40: 1 | G40: =VLOOKUP(F40,オッズデータ入力!AA$7:AB$25,2,FALSE) | J40: 2 | K40: =VLOOKUP(J40,オッズデータ入力!AY$7:AZ$25,2,FALSE) | L40: =IF(B40<=2,"A",IF(B40<=5,"B",IF(B40<=7,"C",IF(B40<=10,"D",IF(B40<=13,"E",IF(B40<=16,"F",IF(B40<=18,"G"))))))) | N40: =IF(F40<=2,"A",IF(F40<=5,"B",IF(F40<=7,"C",IF(F40<=10,"D",IF(F40<=13,"E",IF(F40<=16,"F",IF(F40<=18,"G"))))))) | P40: =IF(J40<=2,"A",IF(J40<=5,"B",IF(J40<=7,"C",IF(J40<=10,"D",IF(J40<=13,"E",IF(J40<=16,"F",IF(J40<=18,"G"))))))) | Q40: =C40 | S40: =G40 | U40: =K40 | V40: 14~20 | W40: =SUM(B40,D40,F40,H40,J40) | X40: +
A41: 39 | B41: 2 | C41: =VLOOKUP(B41,オッズデータ入力!C$7:D$25,2,FALSE) | F41: 2 | G41: =VLOOKUP(F41,オッズデータ入力!AA$7:AB$25,2,FALSE) | J41: 1 | K41: =VLOOKUP(J41,オッズデータ入力!AY$7:AZ$25,2,FALSE) | L41: =IF(B41<=2,"A",IF(B41<=5,"B",IF(B41<=7,"C",IF(B41<=10,"D",IF(B41<=13,"E",IF(B41<=16,"F",IF(B41<=18,"G"))))))) | N41: =IF(F41<=2,"A",IF(F41<=5,"B",IF(F41<=7,"C",IF(F41<=10,"D",IF(F41<=13,"E",IF(F41<=16,"F",IF(F41<=18,"G"))))))) | P41: =IF(J41<=2,"A",IF(J41<=5,"B",IF(J41<=7,"C",IF(J41<=10,"D",IF(J41<=13,"E",IF(J41<=16,"F",IF(J41<=18,"G"))))))) | Q41: =C41 | S41: =G41 | U41: =K41 | V41: 14~20 | W41: =SUM(B41,D41,F41,H41,J41) | X41: +
A42: 40 | B42: 2 | C42: =VLOOKUP(B42,オッズデータ入力!C$7:D$25,2,FALSE) | F42: 2 | G42: =VLOOKUP(F42,オッズデータ入力!AA$7:AB$25,2,FALSE) | J42: 2 | K42: =VLOOKUP(J42,オッズデータ入力!AY$7:AZ$25,2,FALSE) | L42: =IF(B42<=2,"A",IF(B42<=5,"B",IF(B42<=7,"C",IF(B42<=10,"D",IF(B42<=13,"E",IF(B42<=16,"F",IF(B42<=18,"G"))))))) | N42: =IF(F42<=2,"A",IF(F42<=5,"B",IF(F42<=7,"C",IF(F42<=10,"D",IF(F42<=13,"E",IF(F42<=16,"F",IF(F42<=18,"G"))))))) | P42: =IF(J42<=2,"A",IF(J42<=5,"B",IF(J42<=7,"C",IF(J42<=10,"D",IF(J42<=13,"E",IF(J42<=16,"F",IF(J42<=18,"G"))))))) | Q42: =C42 | S42: =G42 | U42: =K42 | V42: 14~20 | W42: =SUM(B42,D42,F42,H42,J42) | X42: +
A43: 41 | B43: 1 | C43: =VLOOKUP(B43,オッズデータ入力!C$7:D$25,2,FALSE) | H43: 1 | I43: =VLOOKUP(H43,オッズデータ入力!AM$7:AN$25,2,FALSE) | J43: 1 | K43: =VLOOKUP(J43,オッズデータ入力!AY$7:AZ$25,2,FALSE) | L43: =IF(B43<=2,"A",IF(B43<=5,"B",IF(B43<=7,"C",IF(B43<=10,"D",IF(B43<=13,"E",IF(B43<=16,"F",IF(B43<=18,"G"))))))) | O43: =IF(H43<=2,"A",IF(H43<=5,"B",IF(H43<=7,"C",IF(H43<=10,"D",IF(H43<=13,"E",IF(H43<=16,"F",IF(H43<=18,"G"))))))) | P43: =IF(J43<=2,"A",IF(J43<=5,"B",IF(J43<=7,"C",IF(J43<=10,"D",IF(J43<=13,"E",IF(J43<=16,"F",IF(J43<=18,"G"))))))) | Q43: =C43 | T43: =I43 | U43: =K43 | V43: 14~20 | W43: =SUM(B43,D43,F43,H43,J43) | X43: +
A44: 42 | B44: 1 | C44: =VLOOKUP(B44,オッズデータ入力!C$7:D$25,2,FALSE) | H44: 1 | I44: =VLOOKUP(H44,オッズデータ入力!AM$7:AN$25,2,FALSE) | J44: 2 | K44: =VLOOKUP(J44,オッズデータ入力!AY$7:AZ$25,2,FALSE) | L44: =IF(B44<=2,"A",IF(B44<=5,"B",IF(B44<=7,"C",IF(B44<=10,"D",IF(B44<=13,"E",IF(B44<=16,"F",IF(B44<=18,"G"))))))) | O44: =IF(H44<=2,"A",IF(H44<=5,"B",IF(H44<=7,"C",IF(H44<=10,"D",IF(H44<=13,"E",IF(H44<=16,"F",IF(H44<=18,"G"))))))) | P44: =IF(J44<=2,"A",IF(J44<=5,"B",IF(J44<=7,"C",IF(J44<=10,"D",IF(J44<=13,"E",IF(J44<=16,"F",IF(J44<=18,"G"))))))) | Q44: =C44 | T44: =I44 | U44: =K44 | V44: 14~20 | W44: =SUM(B44,D44,F44,H44,J44) | X44: +
A45: 43 | B45: 1 | C45: =VLOOKUP(B45,オッズデータ入力!C$7:D$25,2,FALSE) | H45: 2 | I45: =VLOOKUP(H45,オッズデータ入力!AM$7:AN$25,2,FALSE) | J45: 1 | K45: =VLOOKUP(J45,オッズデータ入力!AY$7:AZ$25,2,FALSE) | L45: =IF(B45<=2,"A",IF(B45<=5,"B",IF(B45<=7,"C",IF(B45<=10,"D",IF(B45<=13,"E",IF(B45<=16,"F",IF(B45<=18,"G"))))))) | O45: =IF(H45<=2,"A",IF(H45<=5,"B",IF(H45<=7,"C",IF(H45<=10,"D",IF(H45<=13,"E",IF(H45<=16,"F",IF(H45<=18,"G"))))))) | P45: =IF(J45<=2,"A",IF(J45<=5,"B",IF(J45<=7,"C",IF(J45<=10,"D",IF(J45<=13,"E",IF(J45<=16,"F",IF(J45<=18,"G"))))))) | Q45: =C45 | T45: =I45 | U45: =K45 | V45: 14~20 | W45: =SUM(B45,D45,F45,H45,J45) | X45: +
A46: 44 | B46: 1 | C46: =VLOOKUP(B46,オッズデータ入力!C$7:D$25,2,FALSE) | H46: 2 | I46: =VLOOKUP(H46,オッズデータ入力!AM$7:AN$25,2,FALSE) | J46: 2 | K46: =VLOOKUP(J46,オッズデータ入力!AY$7:AZ$25,2,FALSE) | L46: =IF(B46<=2,"A",IF(B46<=5,"B",IF(B46<=7,"C",IF(B46<=10,"D",IF(B46<=13,"E",IF(B46<=16,"F",IF(B46<=18,"G"))))))) | O46: =IF(H46<=2,"A",IF(H46<=5,"B",IF(H46<=7,"C",IF(H46<=10,"D",IF(H46<=13,"E",IF(H46<=16,"F",IF(H46<=18,"G"))))))) | P46: =IF(J46<=2,"A",IF(J46<=5,"B",IF(J46<=7,"C",IF(J46<=10,"D",IF(J46<=13,"E",IF(J46<=16,"F",IF(J46<=18,"G"))))))) | Q46: =C46 | T46: =I46 | U46: =K46 | V46: 14~20 | W46: =SUM(B46,D46,F46,H46,J46) | X46: +
A47: 45 | B47: 2 | C47: =VLOOKUP(B47,オッズデータ入力!C$7:D$25,2,FALSE) | H47: 1 | I47: =VLOOKUP(H47,オッズデータ入力!AM$7:AN$25,2,FALSE) | J47: 1 | K47: =VLOOKUP(J47,オッズデータ入力!AY$7:AZ$25,2,FALSE) | L47: =IF(B47<=2,"A",IF(B47<=5,"B",IF(B47<=7,"C",IF(B47<=10,"D",IF(B47<=13,"E",IF(B47<=16,"F",IF(B47<=18,"G"))))))) | O47: =IF(H47<=2,"A",IF(H47<=5,"B",IF(H47<=7,"C",IF(H47<=10,"D",IF(H47<=13,"E",IF(H47<=16,"F",IF(H47<=18,"G"))))))) | P47: =IF(J47<=2,"A",IF(J47<=5,"B",IF(J47<=7,"C",IF(J47<=10,"D",IF(J47<=13,"E",IF(J47<=16,"F",IF(J47<=18,"G"))))))) | Q47: =C47 | T47: =I47 | U47: =K47 | V47: 14~20 | W47: =SUM(B47,D47,F47,H47,J47) | X47: +
A48: 46 | B48: 2 | C48: =VLOOKUP(B48,オッズデータ入力!C$7:D$25,2,FALSE) | H48: 1 | I48: =VLOOKUP(H48,オッズデータ入力!AM$7:AN$25,2,FALSE) | J48: 2 | K48: =VLOOKUP(J48,オッズデータ入力!AY$7:AZ$25,2,FALSE) | L48: =IF(B48<=2,"A",IF(B48<=5,"B",IF(B48<=7,"C",IF(B48<=10,"D",IF(B48<=13,"E",IF(B48<=16,"F",IF(B48<=18,"G"))))))) | O48: =IF(H48<=2,"A",IF(H48<=5,"B",IF(H48<=7,"C",IF(H48<=10,"D",IF(H48<=13,"E",IF(H48<=16,"F",IF(H48<=18,"G"))))))) | P48: =IF(J48<=2,"A",IF(J48<=5,"B",IF(J48<=7,"C",IF(J48<=10,"D",IF(J48<=13,"E",IF(J48<=16,"F",IF(J48<=18,"G"))))))) | Q48: =C48 | T48: =I48 | U48: =K48 | V48: 14~20 | W48: =SUM(B48,D48,F48,H48,J48) | X48: +
A49: 47 | B49: 2 | C49: =VLOOKUP(B49,オッズデータ入力!C$7:D$25,2,FALSE) | H49: 2 | I49: =VLOOKUP(H49,オッズデータ入力!AM$7:AN$25,2,FALSE) | J49: 1 | K49: =VLOOKUP(J49,オッズデータ入力!AY$7:AZ$25,2,FALSE) | L49: =IF(B49<=2,"A",IF(B49<=5,"B",IF(B49<=7,"C",IF(B49<=10,"D",IF(B49<=13,"E",IF(B49<=16,"F",IF(B49<=18,"G"))))))) | O49: =IF(H49<=2,"A",IF(H49<=5,"B",IF(H49<=7,"C",IF(H49<=10,"D",IF(H49<=13,"E",IF(H49<=16,"F",IF(H49<=18,"G"))))))) | P49: =IF(J49<=2,"A",IF(J49<=5,"B",IF(J49<=7,"C",IF(J49<=10,"D",IF(J49<=13,"E",IF(J49<=16,"F",IF(J49<=18,"G"))))))) | Q49: =C49 | T49: =I49 | U49: =K49 | V49: 14~20 | W49: =SUM(B49,D49,F49,H49,J49) | X49: +
A50: 48 | B50: 2 | C50: =VLOOKUP(B50,オッズデータ入力!C$7:D$25,2,FALSE) | H50: 2 | I50: =VLOOKUP(H50,オッズデータ入力!AM$7:AN$25,2,FALSE) | J50: 2 | K50: =VLOOKUP(J50,オッズデータ入力!AY$7:AZ$25,2,FALSE) | L50: =IF(B50<=2,"A",IF(B50<=5,"B",IF(B50<=7,"C",IF(B50<=10,"D",IF(B50<=13,"E",IF(B50<=16,"F",IF(B50<=18,"G"))))))) | O50: =IF(H50<=2,"A",IF(H50<=5,"B",IF(H50<=7,"C",IF(H50<=10,"D",IF(H50<=13,"E",IF(H50<=16,"F",IF(H50<=18,"G"))))))) | P50: =IF(J50<=2,"A",IF(J50<=5,"B",IF(J50<=7,"C",IF(J50<=10,"D",IF(J50<=13,"E",IF(J50<=16,"F",IF(J50<=18,"G"))))))) | Q50: =C50 | T50: =I50 | U50: =K50 | V50: 14~20 | W50: =SUM(B50,D50,F50,H50,J50) | X50: +
A51: 49 | D51: 1 | E51: =VLOOKUP(D51,オッズデータ入力!O$7:P$25,2,FALSE) | F51: 1 | G51: =VLOOKUP(F51,オッズデータ入力!AA$7:AB$25,2,FALSE) | H51: 1 | I51: =VLOOKUP(H51,オッズデータ入力!AM$7:AN$25,2,FALSE) | M51: =IF(D51<=2,"A",IF(D51<=5,"B",IF(D51<=7,"C",IF(D51<=10,"D",IF(D51<=13,"E",IF(D51<=16,"F",IF(D51<=18,"G"))))))) | N51: =IF(F51<=2,"A",IF(F51<=5,"B",IF(F51<=7,"C",IF(F51<=10,"D",IF(F51<=13,"E",IF(F51<=16,"F",IF(F51<=18,"G"))))))) | O51: =IF(H51<=2,"A",IF(H51<=5,"B",IF(H51<=7,"C",IF(H51<=10,"D",IF(H51<=13,"E",IF(H51<=16,"F",IF(H51<=18,"G"))))))) | R51: =E51 | S51: =G51 | T51: =I51 | V51: 14~20 | W51: =SUM(B51,D51,F51,H51,J51) | X51: +
A52: 50 | D52: 1 | E52: =VLOOKUP(D52,オッズデータ入力!O$7:P$25,2,FALSE) | F52: 1 | G52: =VLOOKUP(F52,オッズデータ入力!AA$7:AB$25,2,FALSE) | H52: 2 | I52: =VLOOKUP(H52,オッズデータ入力!AM$7:AN$25,2,FALSE) | M52: =IF(D52<=2,"A",IF(D52<=5,"B",IF(D52<=7,"C",IF(D52<=10,"D",IF(D52<=13,"E",IF(D52<=16,"F",IF(D52<=18,"G"))))))) | N52: =IF(F52<=2,"A",IF(F52<=5,"B",IF(F52<=7,"C",IF(F52<=10,"D",IF(F52<=13,"E",IF(F52<=16,"F",IF(F52<=18,"G"))))))) | O52: =IF(H52<=2,"A",IF(H52<=5,"B",IF(H52<=7,"C",IF(H52<=10,"D",IF(H52<=13,"E",IF(H52<=16,"F",IF(H52<=18,"G"))))))) | R52: =E52 | S52: =G52 | T52: =I52 | V52: 14~20 | W52: =SUM(B52,D52,F52,H52,J52) | X52: +
A53: 51 | D53: 1 | E53: =VLOOKUP(D53,オッズデータ入力!O$7:P$25,2,FALSE) | F53: 2 | G53: =VLOOKUP(F53,オッズデータ入力!AA$7:AB$25,2,FALSE) | H53: 1 | I53: =VLOOKUP(H53,オッズデータ入力!AM$7:AN$25,2,FALSE) | M53: =IF(D53<=2,"A",IF(D53<=5,"B",IF(D53<=7,"C",IF(D53<=10,"D",IF(D53<=13,"E",IF(D53<=16,"F",IF(D53<=18,"G"))))))) | N53: =IF(F53<=2,"A",IF(F53<=5,"B",IF(F53<=7,"C",IF(F53<=10,"D",IF(F53<=13,"E",IF(F53<=16,"F",IF(F53<=18,"G"))))))) | O53: =IF(H53<=2,"A",IF(H53<=5,"B",IF(H53<=7,"C",IF(H53<=10,"D",IF(H53<=13,"E",IF(H53<=16,"F",IF(H53<=18,"G"))))))) | R53: =E53 | S53: =G53 | T53: =I53 | V53: 14~20 | W53: =SUM(B53,D53,F53,H53,J53) | X53: +
A54: 52 | D54: 1 | E54: =VLOOKUP(D54,オッズデータ入力!O$7:P$25,2,FALSE) | F54: 2 | G54: =VLOOKUP(F54,オッズデータ入力!AA$7:AB$25,2,FALSE) | H54: 2 | I54: =VLOOKUP(H54,オッズデータ入力!AM$7:AN$25,2,FALSE) | M54: =IF(D54<=2,"A",IF(D54<=5,"B",IF(D54<=7,"C",IF(D54<=10,"D",IF(D54<=13,"E",IF(D54<=16,"F",IF(D54<=18,"G"))))))) | N54: =IF(F54<=2,"A",IF(F54<=5,"B",IF(F54<=7,"C",IF(F54<=10,"D",IF(F54<=13,"E",IF(F54<=16,"F",IF(F54<=18,"G"))))))) | O54: =IF(H54<=2,"A",IF(H54<=5,"B",IF(H54<=7,"C",IF(H54<=10,"D",IF(H54<=13,"E",IF(H54<=16,"F",IF(H54<=18,"G"))))))) | R54: =E54 | S54: =G54 | T54: =I54 | V54: 14~20 | W54: =SUM(B54,D54,F54,H54,J54) | X54: +
A55: 53 | D55: 2 | E55: =VLOOKUP(D55,オッズデータ入力!O$7:P$25,2,FALSE) | F55: 1 | G55: =VLOOKUP(F55,オッズデータ入力!AA$7:AB$25,2,FALSE) | H55: 1 | I55: =VLOOKUP(H55,オッズデータ入力!AM$7:AN$25,2,FALSE) | M55: =IF(D55<=2,"A",IF(D55<=5,"B",IF(D55<=7,"C",IF(D55<=10,"D",IF(D55<=13,"E",IF(D55<=16,"F",IF(D55<=18,"G"))))))) | N55: =IF(F55<=2,"A",IF(F55<=5,"B",IF(F55<=7,"C",IF(F55<=10,"D",IF(F55<=13,"E",IF(F55<=16,"F",IF(F55<=18,"G"))))))) | O55: =IF(H55<=2,"A",IF(H55<=5,"B",IF(H55<=7,"C",IF(H55<=10,"D",IF(H55<=13,"E",IF(H55<=16,"F",IF(H55<=18,"G"))))))) | R55: =E55 | S55: =G55 | T55: =I55 | V55: 14~20 | W55: =SUM(B55,D55,F55,H55,J55) | X55: +
A56: 54 | D56: 2 | E56: =VLOOKUP(D56,オッズデータ入力!O$7:P$25,2,FALSE) | F56: 1 | G56: =VLOOKUP(F56,オッズデータ入力!AA$7:AB$25,2,FALSE) | H56: 2 | I56: =VLOOKUP(H56,オッズデータ入力!AM$7:AN$25,2,FALSE) | M56: =IF(D56<=2,"A",IF(D56<=5,"B",IF(D56<=7,"C",IF(D56<=10,"D",IF(D56<=13,"E",IF(D56<=16,"F",IF(D56<=18,"G"))))))) | N56: =IF(F56<=2,"A",IF(F56<=5,"B",IF(F56<=7,"C",IF(F56<=10,"D",IF(F56<=13,"E",IF(F56<=16,"F",IF(F56<=18,"G"))))))) | O56: =IF(H56<=2,"A",IF(H56<=5,"B",IF(H56<=7,"C",IF(H56<=10,"D",IF(H56<=13,"E",IF(H56<=16,"F",IF(H56<=18,"G"))))))) | R56: =E56 | S56: =G56 | T56: =I56 | V56: 14~20 | W56: =SUM(B56,D56,F56,H56,J56) | X56: +
A57: 55 | D57: 2 | E57: =VLOOKUP(D57,オッズデータ入力!O$7:P$25,2,FALSE) | F57: 2 | G57: =VLOOKUP(F57,オッズデータ入力!AA$7:AB$25,2,FALSE) | H57: 1 | I57: =VLOOKUP(H57,オッズデータ入力!AM$7:AN$25,2,FALSE) | M57: =IF(D57<=2,"A",IF(D57<=5,"B",IF(D57<=7,"C",IF(D57<=10,"D",IF(D57<=13,"E",IF(D57<=16,"F",IF(D57<=18,"G"))))))) | N57: =IF(F57<=2,"A",IF(F57<=5,"B",IF(F57<=7,"C",IF(F57<=10,"D",IF(F57<=13,"E",IF(F57<=16,"F",IF(F57<=18,"G"))))))) | O57: =IF(H57<=2,"A",IF(H57<=5,"B",IF(H57<=7,"C",IF(H57<=10,"D",IF(H57<=13,"E",IF(H57<=16,"F",IF(H57<=18,"G"))))))) | R57: =E57 | S57: =G57 | T57: =I57 | V57: 14~20 | W57: =SUM(B57,D57,F57,H57,J57) | X57: +
A58: 56 | D58: 2 | E58: =VLOOKUP(D58,オッズデータ入力!O$7:P$25,2,FALSE) | F58: 2 | G58: =VLOOKUP(F58,オッズデータ入力!AA$7:AB$25,2,FALSE) | H58: 2 | I58: =VLOOKUP(H58,オッズデータ入力!AM$7:AN$25,2,FALSE) | M58: =IF(D58<=2,"A",IF(D58<=5,"B",IF(D58<=7,"C",IF(D58<=10,"D",IF(D58<=13,"E",IF(D58<=16,"F",IF(D58<=18,"G"))))))) | N58: =IF(F58<=2,"A",IF(F58<=5,"B",IF(F58<=7,"C",IF(F58<=10,"D",IF(F58<=13,"E",IF(F58<=16,"F",IF(F58<=18,"G"))))))) | O58: =IF(H58<=2,"A",IF(H58<=5,"B",IF(H58<=7,"C",IF(H58<=10,"D",IF(H58<=13,"E",IF(H58<=16,"F",IF(H58<=18,"G"))))))) | R58: =E58 | S58: =G58 | T58: =I58 | V58: 14~20 | W58: =SUM(B58,D58,F58,H58,J58) | X58: +
A59: 57 | D59: 1 | E59: =VLOOKUP(D59,オッズデータ入力!O$7:P$25,2,FALSE) | H59: 1 | I59: =VLOOKUP(H59,オッズデータ入力!AM$7:AN$25,2,FALSE) | J59: 1 | K59: =VLOOKUP(J59,オッズデータ入力!AY$7:AZ$25,2,FALSE) | M59: =IF(D59<=2,"A",IF(D59<=5,"B",IF(D59<=7,"C",IF(D59<=10,"D",IF(D59<=13,"E",IF(D59<=16,"F",IF(D59<=18,"G"))))))) | O59: =IF(H59<=2,"A",IF(H59<=5,"B",IF(H59<=7,"C",IF(H59<=10,"D",IF(H59<=13,"E",IF(H59<=16,"F",IF(H59<=18,"G"))))))) | P59: =IF(J59<=2,"A",IF(J59<=5,"B",IF(J59<=7,"C",IF(J59<=10,"D",IF(J59<=13,"E",IF(J59<=16,"F",IF(J59<=18,"G"))))))) | R59: =E59 | T59: =I59 | U59: =K59 | V59: 14~20 | W59: =SUM(B59,D59,F59,H59,J59) | X59: +
A60: 58 | D60: 1 | E60: =VLOOKUP(D60,オッズデータ入力!O$7:P$25,2,FALSE) | H60: 1 | I60: =VLOOKUP(H60,オッズデータ入力!AM$7:AN$25,2,FALSE) | J60: 2 | K60: =VLOOKUP(J60,オッズデータ入力!AY$7:AZ$25,2,FALSE) | M60: =IF(D60<=2,"A",IF(D60<=5,"B",IF(D60<=7,"C",IF(D60<=10,"D",IF(D60<=13,"E",IF(D60<=16,"F",IF(D60<=18,"G"))))))) | O60: =IF(H60<=2,"A",IF(H60<=5,"B",IF(H60<=7,"C",IF(H60<=10,"D",IF(H60<=13,"E",IF(H60<=16,"F",IF(H60<=18,"G"))))))) | P60: =IF(J60<=2,"A",IF(J60<=5,"B",IF(J60<=7,"C",IF(J60<=10,"D",IF(J60<=13,"E",IF(J60<=16,"F",IF(J60<=18,"G"))))))) | R60: =E60 | T60: =I60 | U60: =K60 | V60: 14~20 | W60: =SUM(B60,D60,F60,H60,J60) | X60: +
A61: 59 | D61: 1 | E61: =VLOOKUP(D61,オッズデータ入力!O$7:P$25,2,FALSE) | H61: 2 | I61: =VLOOKUP(H61,オッズデータ入力!AM$7:AN$25,2,FALSE) | J61: 1 | K61: =VLOOKUP(J61,オッズデータ入力!AY$7:AZ$25,2,FALSE) | M61: =IF(D61<=2,"A",IF(D61<=5,"B",IF(D61<=7,"C",IF(D61<=10,"D",IF(D61<=13,"E",IF(D61<=16,"F",IF(D61<=18,"G"))))))) | O61: =IF(H61<=2,"A",IF(H61<=5,"B",IF(H61<=7,"C",IF(H61<=10,"D",IF(H61<=13,"E",IF(H61<=16,"F",IF(H61<=18,"G"))))))) | P61: =IF(J61<=2,"A",IF(J61<=5,"B",IF(J61<=7,"C",IF(J61<=10,"D",IF(J61<=13,"E",IF(J61<=16,"F",IF(J61<=18,"G"))))))) | R61: =E61 | T61: =I61 | U61: =K61 | V61: 14~20 | W61: =SUM(B61,D61,F61,H61,J61) | X61: +
A62: 60 | D62: 1 | E62: =VLOOKUP(D62,オッズデータ入力!O$7:P$25,2,FALSE) | H62: 2 | I62: =VLOOKUP(H62,オッズデータ入力!AM$7:AN$25,2,FALSE) | J62: 2 | K62: =VLOOKUP(J62,オッズデータ入力!AY$7:AZ$25,2,FALSE) | M62: =IF(D62<=2,"A",IF(D62<=5,"B",IF(D62<=7,"C",IF(D62<=10,"D",IF(D62<=13,"E",IF(D62<=16,"F",IF(D62<=18,"G"))))))) | O62: =IF(H62<=2,"A",IF(H62<=5,"B",IF(H62<=7,"C",IF(H62<=10,"D",IF(H62<=13,"E",IF(H62<=16,"F",IF(H62<=18,"G"))))))) | P62: =IF(J62<=2,"A",IF(J62<=5,"B",IF(J62<=7,"C",IF(J62<=10,"D",IF(J62<=13,"E",IF(J62<=16,"F",IF(J62<=18,"G"))))))) | R62: =E62 | T62: =I62 | U62: =K62 | V62: 14~20 | W62: =SUM(B62,D62,F62,H62,J62) | X62: +
A63: 61 | D63: 2 | E63: =VLOOKUP(D63,オッズデータ入力!O$7:P$25,2,FALSE) | H63: 1 | I63: =VLOOKUP(H63,オッズデータ入力!AM$7:AN$25,2,FALSE) | J63: 1 | K63: =VLOOKUP(J63,オッズデータ入力!AY$7:AZ$25,2,FALSE) | M63: =IF(D63<=2,"A",IF(D63<=5,"B",IF(D63<=7,"C",IF(D63<=10,"D",IF(D63<=13,"E",IF(D63<=16,"F",IF(D63<=18,"G"))))))) | O63: =IF(H63<=2,"A",IF(H63<=5,"B",IF(H63<=7,"C",IF(H63<=10,"D",IF(H63<=13,"E",IF(H63<=16,"F",IF(H63<=18,"G"))))))) | P63: =IF(J63<=2,"A",IF(J63<=5,"B",IF(J63<=7,"C",IF(J63<=10,"D",IF(J63<=13,"E",IF(J63<=16,"F",IF(J63<=18,"G"))))))) | R63: =E63 | T63: =I63 | U63: =K63 | V63: 14~20 | W63: =SUM(B63,D63,F63,H63,J63) | X63: +
A64: 62 | D64: 2 | E64: =VLOOKUP(D64,オッズデータ入力!O$7:P$25,2,FALSE) | H64: 1 | I64: =VLOOKUP(H64,オッズデータ入力!AM$7:AN$25,2,FALSE) | J64: 2 | K64: =VLOOKUP(J64,オッズデータ入力!AY$7:AZ$25,2,FALSE) | M64: =IF(D64<=2,"A",IF(D64<=5,"B",IF(D64<=7,"C",IF(D64<=10,"D",IF(D64<=13,"E",IF(D64<=16,"F",IF(D64<=18,"G"))))))) | O64: =IF(H64<=2,"A",IF(H64<=5,"B",IF(H64<=7,"C",IF(H64<=10,"D",IF(H64<=13,"E",IF(H64<=16,"F",IF(H64<=18,"G"))))))) | P64: =IF(J64<=2,"A",IF(J64<=5,"B",IF(J64<=7,"C",IF(J64<=10,"D",IF(J64<=13,"E",IF(J64<=16,"F",IF(J64<=18,"G"))))))) | R64: =E64 | T64: =I64 | U64: =K64 | V64: 14~20 | W64: =SUM(B64,D64,F64,H64,J64) | X64: +
A65: 63 | D65: 2 | E65: =VLOOKUP(D65,オッズデータ入力!O$7:P$25,2,FALSE) | H65: 2 | I65: =VLOOKUP(H65,オッズデータ入力!AM$7:AN$25,2,FALSE) | J65: 1 | K65: =VLOOKUP(J65,オッズデータ入力!AY$7:AZ$25,2,FALSE) | M65: =IF(D65<=2,"A",IF(D65<=5,"B",IF(D65<=7,"C",IF(D65<=10,"D",IF(D65<=13,"E",IF(D65<=16,"F",IF(D65<=18,"G"))))))) | O65: =IF(H65<=2,"A",IF(H65<=5,"B",IF(H65<=7,"C",IF(H65<=10,"D",IF(H65<=13,"E",IF(H65<=16,"F",IF(H65<=18,"G"))))))) | P65: =IF(J65<=2,"A",IF(J65<=5,"B",IF(J65<=7,"C",IF(J65<=10,"D",IF(J65<=13,"E",IF(J65<=16,"F",IF(J65<=18,"G"))))))) | R65: =E65 | T65: =I65 | U65: =K65 | V65: 14~20 | W65: =SUM(B65,D65,F65,H65,J65) | X65: +
A66: 64 | D66: 2 | E66: =VLOOKUP(D66,オッズデータ入力!O$7:P$25,2,FALSE) | H66: 2 | I66: =VLOOKUP(H66,オッズデータ入力!AM$7:AN$25,2,FALSE) | J66: 2 | K66: =VLOOKUP(J66,オッズデータ入力!AY$7:AZ$25,2,FALSE) | M66: =IF(D66<=2,"A",IF(D66<=5,"B",IF(D66<=7,"C",IF(D66<=10,"D",IF(D66<=13,"E",IF(D66<=16,"F",IF(D66<=18,"G"))))))) | O66: =IF(H66<=2,"A",IF(H66<=5,"B",IF(H66<=7,"C",IF(H66<=10,"D",IF(H66<=13,"E",IF(H66<=16,"F",IF(H66<=18,"G"))))))) | P66: =IF(J66<=2,"A",IF(J66<=5,"B",IF(J66<=7,"C",IF(J66<=10,"D",IF(J66<=13,"E",IF(J66<=16,"F",IF(J66<=18,"G"))))))) | R66: =E66 | T66: =I66 | U66: =K66 | V66: 14~20 | W66: =SUM(B66,D66,F66,H66,J66) | X66: +
A67: 65 | D67: 1 | E67: =VLOOKUP(D67,オッズデータ入力!O$7:P$25,2,FALSE) | F67: 1 | G67: =VLOOKUP(F67,オッズデータ入力!AA$7:AB$25,2,FALSE) | J67: 1 | K67: =VLOOKUP(J67,オッズデータ入力!AY$7:AZ$25,2,FALSE) | M67: =IF(D67<=2,"A",IF(D67<=5,"B",IF(D67<=7,"C",IF(D67<=10,"D",IF(D67<=13,"E",IF(D67<=16,"F",IF(D67<=18,"G"))))))) | N67: =IF(F67<=2,"A",IF(F67<=5,"B",IF(F67<=7,"C",IF(F67<=10,"D",IF(F67<=13,"E",IF(F67<=16,"F",IF(F67<=18,"G"))))))) | P67: =IF(J67<=2,"A",IF(J67<=5,"B",IF(J67<=7,"C",IF(J67<=10,"D",IF(J67<=13,"E",IF(J67<=16,"F",IF(J67<=18,"G"))))))) | R67: =E67 | S67: =G67 | U67: =K67 | V67: 14~20 | W67: =SUM(B67,D67,F67,H67,J67) | X67: +
A68: 66 | D68: 1 | E68: =VLOOKUP(D68,オッズデータ入力!O$7:P$25,2,FALSE) | F68: 1 | G68: =VLOOKUP(F68,オッズデータ入力!AA$7:AB$25,2,FALSE) | J68: 2 | K68: =VLOOKUP(J68,オッズデータ入力!AY$7:AZ$25,2,FALSE) | M68: =IF(D68<=2,"A",IF(D68<=5,"B",IF(D68<=7,"C",IF(D68<=10,"D",IF(D68<=13,"E",IF(D68<=16,"F",IF(D68<=18,"G"))))))) | N68: =IF(F68<=2,"A",IF(F68<=5,"B",IF(F68<=7,"C",IF(F68<=10,"D",IF(F68<=13,"E",IF(F68<=16,"F",IF(F68<=18,"G"))))))) | P68: =IF(J68<=2,"A",IF(J68<=5,"B",IF(J68<=7,"C",IF(J68<=10,"D",IF(J68<=13,"E",IF(J68<=16,"F",IF(J68<=18,"G"))))))) | R68: =E68 | S68: =G68 | U68: =K68 | V68: 14~20 | W68: =SUM(B68,D68,F68,H68,J68) | X68: +
A69: 67 | D69: 1 | E69: =VLOOKUP(D69,オッズデータ入力!O$7:P$25,2,FALSE) | F69: 2 | G69: =VLOOKUP(F69,オッズデータ入力!AA$7:AB$25,2,FALSE) | J69: 1 | K69: =VLOOKUP(J69,オッズデータ入力!AY$7:AZ$25,2,FALSE) | M69: =IF(D69<=2,"A",IF(D69<=5,"B",IF(D69<=7,"C",IF(D69<=10,"D",IF(D69<=13,"E",IF(D69<=16,"F",IF(D69<=18,"G"))))))) | N69: =IF(F69<=2,"A",IF(F69<=5,"B",IF(F69<=7,"C",IF(F69<=10,"D",IF(F69<=13,"E",IF(F69<=16,"F",IF(F69<=18,"G"))))))) | P69: =IF(J69<=2,"A",IF(J69<=5,"B",IF(J69<=7,"C",IF(J69<=10,"D",IF(J69<=13,"E",IF(J69<=16,"F",IF(J69<=18,"G"))))))) | R69: =E69 | S69: =G69 | U69: =K69 | V69: 14~20 | W69: =SUM(B69,D69,F69,H69,J69) | X69: +
A70: 68 | D70: 1 | E70: =VLOOKUP(D70,オッズデータ入力!O$7:P$25,2,FALSE) | F70: 2 | G70: =VLOOKUP(F70,オッズデータ入力!AA$7:AB$25,2,FALSE) | J70: 2 | K70: =VLOOKUP(J70,オッズデータ入力!AY$7:AZ$25,2,FALSE) | M70: =IF(D70<=2,"A",IF(D70<=5,"B",IF(D70<=7,"C",IF(D70<=10,"D",IF(D70<=13,"E",IF(D70<=16,"F",IF(D70<=18,"G"))))))) | N70: =IF(F70<=2,"A",IF(F70<=5,"B",IF(F70<=7,"C",IF(F70<=10,"D",IF(F70<=13,"E",IF(F70<=16,"F",IF(F70<=18,"G"))))))) | P70: =IF(J70<=2,"A",IF(J70<=5,"B",IF(J70<=7,"C",IF(J70<=10,"D",IF(J70<=13,"E",IF(J70<=16,"F",IF(J70<=18,"G"))))))) | R70: =E70 | S70: =G70 | U70: =K70 | V70: 14~20 | W70: =SUM(B70,D70,F70,H70,J70) | X70: +
A71: 69 | D71: 2 | E71: =VLOOKUP(D71,オッズデータ入力!O$7:P$25,2,FALSE) | F71: 1 | G71: =VLOOKUP(F71,オッズデータ入力!AA$7:AB$25,2,FALSE) | J71: 1 | K71: =VLOOKUP(J71,オッズデータ入力!AY$7:AZ$25,2,FALSE) | M71: =IF(D71<=2,"A",IF(D71<=5,"B",IF(D71<=7,"C",IF(D71<=10,"D",IF(D71<=13,"E",IF(D71<=16,"F",IF(D71<=18,"G"))))))) | N71: =IF(F71<=2,"A",IF(F71<=5,"B",IF(F71<=7,"C",IF(F71<=10,"D",IF(F71<=13,"E",IF(F71<=16,"F",IF(F71<=18,"G"))))))) | P71: =IF(J71<=2,"A",IF(J71<=5,"B",IF(J71<=7,"C",IF(J71<=10,"D",IF(J71<=13,"E",IF(J71<=16,"F",IF(J71<=18,"G"))))))) | R71: =E71 | S71: =G71 | U71: =K71 | V71: 14~20 | W71: =SUM(B71,D71,F71,H71,J71) | X71: +
A72: 70 | D72: 2 | E72: =VLOOKUP(D72,オッズデータ入力!O$7:P$25,2,FALSE) | F72: 1 | G72: =VLOOKUP(F72,オッズデータ入力!AA$7:AB$25,2,FALSE) | J72: 2 | K72: =VLOOKUP(J72,オッズデータ入力!AY$7:AZ$25,2,FALSE) | M72: =IF(D72<=2,"A",IF(D72<=5,"B",IF(D72<=7,"C",IF(D72<=10,"D",IF(D72<=13,"E",IF(D72<=16,"F",IF(D72<=18,"G"))))))) | N72: =IF(F72<=2,"A",IF(F72<=5,"B",IF(F72<=7,"C",IF(F72<=10,"D",IF(F72<=13,"E",IF(F72<=16,"F",IF(F72<=18,"G"))))))) | P72: =IF(J72<=2,"A",IF(J72<=5,"B",IF(J72<=7,"C",IF(J72<=10,"D",IF(J72<=13,"E",IF(J72<=16,"F",IF(J72<=18,"G"))))))) | R72: =E72 | S72: =G72 | U72: =K72 | V72: 14~20 | W72: =SUM(B72,D72,F72,H72,J72) | X72: +
A73: 71 | D73: 2 | E73: =VLOOKUP(D73,オッズデータ入力!O$7:P$25,2,FALSE) | F73: 2 | G73: =VLOOKUP(F73,オッズデータ入力!AA$7:AB$25,2,FALSE) | J73: 1 | K73: =VLOOKUP(J73,オッズデータ入力!AY$7:AZ$25,2,FALSE) | M73: =IF(D73<=2,"A",IF(D73<=5,"B",IF(D73<=7,"C",IF(D73<=10,"D",IF(D73<=13,"E",IF(D73<=16,"F",IF(D73<=18,"G"))))))) | N73: =IF(F73<=2,"A",IF(F73<=5,"B",IF(F73<=7,"C",IF(F73<=10,"D",IF(F73<=13,"E",IF(F73<=16,"F",IF(F73<=18,"G"))))))) | P73: =IF(J73<=2,"A",IF(J73<=5,"B",IF(J73<=7,"C",IF(J73<=10,"D",IF(J73<=13,"E",IF(J73<=16,"F",IF(J73<=18,"G"))))))) | R73: =E73 | S73: =G73 | U73: =K73 | V73: 14~20 | W73: =SUM(B73,D73,F73,H73,J73) | X73: +
A74: 72 | D74: 2 | E74: =VLOOKUP(D74,オッズデータ入力!O$7:P$25,2,FALSE) | F74: 2 | G74: =VLOOKUP(F74,オッズデータ入力!AA$7:AB$25,2,FALSE) | J74: 2 | K74: =VLOOKUP(J74,オッズデータ入力!AY$7:AZ$25,2,FALSE) | M74: =IF(D74<=2,"A",IF(D74<=5,"B",IF(D74<=7,"C",IF(D74<=10,"D",IF(D74<=13,"E",IF(D74<=16,"F",IF(D74<=18,"G"))))))) | N74: =IF(F74<=2,"A",IF(F74<=5,"B",IF(F74<=7,"C",IF(F74<=10,"D",IF(F74<=13,"E",IF(F74<=16,"F",IF(F74<=18,"G"))))))) | P74: =IF(J74<=2,"A",IF(J74<=5,"B",IF(J74<=7,"C",IF(J74<=10,"D",IF(J74<=13,"E",IF(J74<=16,"F",IF(J74<=18,"G"))))))) | R74: =E74 | S74: =G74 | U74: =K74 | V74: 14~20 | W74: =SUM(B74,D74,F74,H74,J74) | X74: +
A75: 73 | F75: 1 | G75: =VLOOKUP(F75,オッズデータ入力!AA$7:AB$25,2,FALSE) | H75: 1 | I75: =VLOOKUP(H75,オッズデータ入力!AM$7:AN$25,2,FALSE) | J75: 1 | K75: =VLOOKUP(J75,オッズデータ入力!AY$7:AZ$25,2,FALSE) | N75: =IF(F75<=2,"A",IF(F75<=5,"B",IF(F75<=7,"C",IF(F75<=10,"D",IF(F75<=13,"E",IF(F75<=16,"F",IF(F75<=18,"G"))))))) | O75: =IF(H75<=2,"A",IF(H75<=5,"B",IF(H75<=7,"C",IF(H75<=10,"D",IF(H75<=13,"E",IF(H75<=16,"F",IF(H75<=18,"G"))))))) | P75: =IF(J75<=2,"A",IF(J75<=5,"B",IF(J75<=7,"C",IF(J75<=10,"D",IF(J75<=13,"E",IF(J75<=16,"F",IF(J75<=18,"G"))))))) | S75: =G75 | T75: =I75 | U75: =K75 | V75: 14~20 | W75: =SUM(B75,D75,F75,H75,J75) | X75: +
A76: 74 | F76: 1 | G76: =VLOOKUP(F76,オッズデータ入力!AA$7:AB$25,2,FALSE) | H76: 1 | I76: =VLOOKUP(H76,オッズデータ入力!AM$7:AN$25,2,FALSE) | J76: 2 | K76: =VLOOKUP(J76,オッズデータ入力!AY$7:AZ$25,2,FALSE) | N76: =IF(F76<=2,"A",IF(F76<=5,"B",IF(F76<=7,"C",IF(F76<=10,"D",IF(F76<=13,"E",IF(F76<=16,"F",IF(F76<=18,"G"))))))) | O76: =IF(H76<=2,"A",IF(H76<=5,"B",IF(H76<=7,"C",IF(H76<=10,"D",IF(H76<=13,"E",IF(H76<=16,"F",IF(H76<=18,"G"))))))) | P76: =IF(J76<=2,"A",IF(J76<=5,"B",IF(J76<=7,"C",IF(J76<=10,"D",IF(J76<=13,"E",IF(J76<=16,"F",IF(J76<=18,"G"))))))) | S76: =G76 | T76: =I76 | U76: =K76 | V76: 14~20 | W76: =SUM(B76,D76,F76,H76,J76) | X76: +
A77: 75 | F77: 1 | G77: =VLOOKUP(F77,オッズデータ入力!AA$7:AB$25,2,FALSE) | H77: 2 | I77: =VLOOKUP(H77,オッズデータ入力!AM$7:AN$25,2,FALSE) | J77: 1 | K77: =VLOOKUP(J77,オッズデータ入力!AY$7:AZ$25,2,FALSE) | N77: =IF(F77<=2,"A",IF(F77<=5,"B",IF(F77<=7,"C",IF(F77<=10,"D",IF(F77<=13,"E",IF(F77<=16,"F",IF(F77<=18,"G"))))))) | O77: =IF(H77<=2,"A",IF(H77<=5,"B",IF(H77<=7,"C",IF(H77<=10,"D",IF(H77<=13,"E",IF(H77<=16,"F",IF(H77<=18,"G"))))))) | P77: =IF(J77<=2,"A",IF(J77<=5,"B",IF(J77<=7,"C",IF(J77<=10,"D",IF(J77<=13,"E",IF(J77<=16,"F",IF(J77<=18,"G"))))))) | S77: =G77 | T77: =I77 | U77: =K77 | V77: 14~20 | W77: =SUM(B77,D77,F77,H77,J77) | X77: +
A78: 76 | F78: 1 | G78: =VLOOKUP(F78,オッズデータ入力!AA$7:AB$25,2,FALSE) | H78: 2 | I78: =VLOOKUP(H78,オッズデータ入力!AM$7:AN$25,2,FALSE) | J78: 2 | K78: =VLOOKUP(J78,オッズデータ入力!AY$7:AZ$25,2,FALSE) | N78: =IF(F78<=2,"A",IF(F78<=5,"B",IF(F78<=7,"C",IF(F78<=10,"D",IF(F78<=13,"E",IF(F78<=16,"F",IF(F78<=18,"G"))))))) | O78: =IF(H78<=2,"A",IF(H78<=5,"B",IF(H78<=7,"C",IF(H78<=10,"D",IF(H78<=13,"E",IF(H78<=16,"F",IF(H78<=18,"G"))))))) | P78: =IF(J78<=2,"A",IF(J78<=5,"B",IF(J78<=7,"C",IF(J78<=10,"D",IF(J78<=13,"E",IF(J78<=16,"F",IF(J78<=18,"G"))))))) | S78: =G78 | T78: =I78 | U78: =K78 | V78: 14~20 | W78: =SUM(B78,D78,F78,H78,J78) | X78: +
A79: 77 | F79: 2 | G79: =VLOOKUP(F79,オッズデータ入力!AA$7:AB$25,2,FALSE) | H79: 1 | I79: =VLOOKUP(H79,オッズデータ入力!AM$7:AN$25,2,FALSE) | J79: 1 | K79: =VLOOKUP(J79,オッズデータ入力!AY$7:AZ$25,2,FALSE) | N79: =IF(F79<=2,"A",IF(F79<=5,"B",IF(F79<=7,"C",IF(F79<=10,"D",IF(F79<=13,"E",IF(F79<=16,"F",IF(F79<=18,"G"))))))) | O79: =IF(H79<=2,"A",IF(H79<=5,"B",IF(H79<=7,"C",IF(H79<=10,"D",IF(H79<=13,"E",IF(H79<=16,"F",IF(H79<=18,"G"))))))) | P79: =IF(J79<=2,"A",IF(J79<=5,"B",IF(J79<=7,"C",IF(J79<=10,"D",IF(J79<=13,"E",IF(J79<=16,"F",IF(J79<=18,"G"))))))) | S79: =G79 | T79: =I79 | U79: =K79 | V79: 14~20 | W79: =SUM(B79,D79,F79,H79,J79) | X79: +
A80: 78 | F80: 2 | G80: =VLOOKUP(F80,オッズデータ入力!AA$7:AB$25,2,FALSE) | H80: 1 | I80: =VLOOKUP(H80,オッズデータ入力!AM$7:AN$25,2,FALSE) | J80: 2 | K80: =VLOOKUP(J80,オッズデータ入力!AY$7:AZ$25,2,FALSE) | N80: =IF(F80<=2,"A",IF(F80<=5,"B",IF(F80<=7,"C",IF(F80<=10,"D",IF(F80<=13,"E",IF(F80<=16,"F",IF(F80<=18,"G"))))))) | O80: =IF(H80<=2,"A",IF(H80<=5,"B",IF(H80<=7,"C",IF(H80<=10,"D",IF(H80<=13,"E",IF(H80<=16,"F",IF(H80<=18,"G"))))))) | P80: =IF(J80<=2,"A",IF(J80<=5,"B",IF(J80<=7,"C",IF(J80<=10,"D",IF(J80<=13,"E",IF(J80<=16,"F",IF(J80<=18,"G"))))))) | S80: =G80 | T80: =I80 | U80: =K80 | V80: 14~20 | W80: =SUM(B80,D80,F80,H80,J80) | X80: +
A81: 79 | F81: 2 | G81: =VLOOKUP(F81,オッズデータ入力!AA$7:AB$25,2,FALSE) | H81: 2 | I81: =VLOOKUP(H81,オッズデータ入力!AM$7:AN$25,2,FALSE) | J81: 1 | K81: =VLOOKUP(J81,オッズデータ入力!AY$7:AZ$25,2,FALSE) | N81: =IF(F81<=2,"A",IF(F81<=5,"B",IF(F81<=7,"C",IF(F81<=10,"D",IF(F81<=13,"E",IF(F81<=16,"F",IF(F81<=18,"G"))))))) | O81: =IF(H81<=2,"A",IF(H81<=5,"B",IF(H81<=7,"C",IF(H81<=10,"D",IF(H81<=13,"E",IF(H81<=16,"F",IF(H81<=18,"G"))))))) | P81: =IF(J81<=2,"A",IF(J81<=5,"B",IF(J81<=7,"C",IF(J81<=10,"D",IF(J81<=13,"E",IF(J81<=16,"F",IF(J81<=18,"G"))))))) | S81: =G81 | T81: =I81 | U81: =K81 | V81: 14~20 | W81: =SUM(B81,D81,F81,H81,J81) | X81: +
A82: 80 | F82: 2 | G82: =VLOOKUP(F82,オッズデータ入力!AA$7:AB$25,2,FALSE) | H82: 2 | I82: =VLOOKUP(H82,オッズデータ入力!AM$7:AN$25,2,FALSE) | J82: 2 | K82: =VLOOKUP(J82,オッズデータ入力!AY$7:AZ$25,2,FALSE) | N82: =IF(F82<=2,"A",IF(F82<=5,"B",IF(F82<=7,"C",IF(F82<=10,"D",IF(F82<=13,"E",IF(F82<=16,"F",IF(F82<=18,"G"))))))) | O82: =IF(H82<=2,"A",IF(H82<=5,"B",IF(H82<=7,"C",IF(H82<=10,"D",IF(H82<=13,"E",IF(H82<=16,"F",IF(H82<=18,"G"))))))) | P82: =IF(J82<=2,"A",IF(J82<=5,"B",IF(J82<=7,"C",IF(J82<=10,"D",IF(J82<=13,"E",IF(J82<=16,"F",IF(J82<=18,"G"))))))) | S82: =G82 | T82: =I82 | U82: =K82 | V82: 14~20 | W82: =SUM(B82,D82,F82,H82,J82) | X82: +

Sheet 127812
A2: 1 | B2: 45585 | C2: 1 | D2: 1 | E2: 7 | F2: 12 | G2: 13 | H2: 1 | I2: 1 | J2: 1 | K2: 8 | L2: 2 | M2: 745990 | N2: 631 | O2: 13 | P2: =VLOOKUP(C2,オッズデータ入力!C$7:C$25,2,FALSE) | Q2: =VLOOKUP(D2,オッズデータ入力!O$7:P$25,2,FALSE) | R2: =VLOOKUP(E2,オッズデータ入力!AA$8:AB$25,2,FALSE) | S2: =VLOOKUP(F2,オッズデータ入力!AM$8:AN$25,2,FALSE) | T2: =VLOOKUP(G2,オッズデータ入力!AY$8:AZ$25,2,FALSE) | U2: =SUM(P2:T2) | V2: A | W2: A | X2: A | Y2: D | Z2: A | AA2: 4 | AB2: 0 | AC2: 0 | AD2: 1 | AE2: 0 | AF2: 0 | AG2: 0 | AH2: AAADA | AI2: 5 | AJ2: 1-1-1-8-2 | AK2: 1
A3: 2 | B3: 44641 | C3: 2 | D3: 1 | E3: 7 | F3: 13 | G3: 1 | H3: 4 | I3: 1 | J3: 1 | K3: 1 | L3: 2 | M3: 72230 | N3: 6821 | O3: 9 | P3: =VLOOKUP(C3,オッズデータ入力!C$7:C$25,2,FALSE) | Q3: =VLOOKUP(D3,オッズデータ入力!O$7:P$25,2,FALSE) | R3: =VLOOKUP(E3,オッズデータ入力!AA$8:AB$25,2,FALSE) | S3: =VLOOKUP(F3,オッズデータ入力!AM$8:AN$25,2,FALSE) | T3: =VLOOKUP(G3,オッズデータ入力!AY$8:AZ$25,2,FALSE) | U3: =SUM(P3:T3) | V3: B | W3: A | X3: A | Y3: A | Z3: A | AA3: 4 | AB3: 1 | AC3: 0 | AD3: 0 | AE3: 0 | AF3: 0 | AG3: 0 | AH3: BAAAA | AI3: 5 | AJ3: 4-1-1-1-2 | AK3: 1
A4: 3 | B4: 41287 | C4: 8 | D4: 2 | E4: 13 | F4: 8 | G4: 2 | H4: 1 | I4: 2 | J4: 1 | K4: 1 | L4: 10 | M4: 384580 | N4: 1410 | O4: 15 | P4: =VLOOKUP(C4,オッズデータ入力!C$7:C$25,2,FALSE) | Q4: =VLOOKUP(D4,オッズデータ入力!O$7:P$25,2,FALSE) | R4: =VLOOKUP(E4,オッズデータ入力!AA$8:AB$25,2,FALSE) | S4: =VLOOKUP(F4,オッズデータ入力!AM$8:AN$25,2,FALSE) | T4: =VLOOKUP(G4,オッズデータ入力!AY$8:AZ$25,2,FALSE) | U4: =SUM(P4:T4) | V4: A | W4: A | X4: A | Y4: A | Z4: D | AA4: 4 | AB4: 0 | AC4: 0 | AD4: 1 | AE4: 0 | AF4: 0 | AG4: 0 | AH4: AAAAD | AI4: 3 | AJ4: 1-2-1-1-10 | AK4: 1
A5: 4 | B5: 45718 | C5: 8 | D5: 1 | E5: 12 | F5: 2 | G5: 1 | H5: 2 | I5: 2 | J5: 8 | K5: 9 | L5: 2 | M5: 4962620 | N5: 128 | O5: 23 | P5: =VLOOKUP(C5,オッズデータ入力!C$7:C$25,2,FALSE) | Q5: =VLOOKUP(D5,オッズデータ入力!O$7:P$25,2,FALSE) | R5: =VLOOKUP(E5,オッズデータ入力!AA$8:AB$25,2,FALSE) | S5: =VLOOKUP(F5,オッズデータ入力!AM$8:AN$25,2,FALSE) | T5: =VLOOKUP(G5,オッズデータ入力!AY$8:AZ$25,2,FALSE) | U5: =SUM(P5:T5) | V5: A | W5: A | X5: D | Y5: D | Z5: A | AA5: 3 | AB5: 0 | AC5: 0 | AD5: 2 | AE5: 0 | AF5: 0 | AG5: 0 | AH5: AADDA | AI5: 2 | AJ5: 2-2-8-9-2 | AK5: 1
A6: 5 | B6: 44045 | C6: 8 | D6: 7 | E6: 13 | F6: 1 | G6: 12 | H6: 1 | I6: 4 | J6: 2 | K6: 11 | L6: 1 | M6: 2715060 | N6: 234 | O6: 19 | P6: =VLOOKUP(C6,オッズデータ入力!C$7:C$25,2,FALSE) | Q6: =VLOOKUP(D6,オッズデータ入力!O$7:P$25,2,FALSE) | R6: =VLOOKUP(E6,オッズデータ入力!AA$8:AB$25,2,FALSE) | S6: =VLOOKUP(F6,オッズデータ入力!AM$8:AN$25,2,FALSE) | T6: =VLOOKUP(G6,オッズデータ入力!AY$8:AZ$25,2,FALSE) | U6: =SUM(P6:T6) | V6: A | W6: B | X6: A | Y6: E | Z6: A | AA6: 3 | AB6: 1 | AC6: 0 | AD6: 0 | AE6: 1 | AF6: 0 | AG6: 0 | AH6: ABAEA | AI6: 1 | AJ6: 1-4-2-11-1 | AK6: 1
A7: 6 | B7: 43009 | C7: 1 | D7: 7 | E7: 2 | F7: 12 | G7: 8 | H7: 1 | I7: 1 | J7: 8 | K7: 9 | L7: 1 | M7: 1437760 | N7: 279 | O7: 20 | P7: =VLOOKUP(C7,オッズデータ入力!C$7:C$25,2,FALSE) | Q7: =VLOOKUP(D7,オッズデータ入力!O$7:P$25,2,FALSE) | R7: =VLOOKUP(E7,オッズデータ入力!AA$8:AB$25,2,FALSE) | S7: =VLOOKUP(F7,オッズデータ入力!AM$8:AN$25,2,FALSE) | T7: =VLOOKUP(G7,オッズデータ入力!AY$8:AZ$25,2,FALSE) | U7: =SUM(P7:T7) | V7: A | W7: A | X7: D | Y7: D | Z7: A | AA7: 3 | AB7: 0 | AC7: 0 | AD7: 2 | AE7: 0 | AF7: 0 | AG7: 0 | AH7: AADDA | AI7: 2 | AJ7: 1-1-8-9-1 | AK7: 1
A8: 7 | B8: 42268 | C8: 7 | D8: 12 | E8: 1 | F8: 2 | G8: 13 | H8: 3 | I8: 1 | J8: 1 | K8: 2 | L8: 6 | M8: 213060 | N8: 1580 | O8: 13 | P8: =VLOOKUP(C8,オッズデータ入力!C$7:C$25,2,FALSE) | Q8: =VLOOKUP(D8,オッズデータ入力!O$7:P$25,2,FALSE) | R8: =VLOOKUP(E8,オッズデータ入力!AA$8:AB$25,2,FALSE) | S8: =VLOOKUP(F8,オッズデータ入力!AM$8:AN$25,2,FALSE) | T8: =VLOOKUP(G8,オッズデータ入力!AY$8:AZ$25,2,FALSE) | U8: =SUM(P8:T8) | V8: B | W8: A | X8: A | Y8: A | Z8: C | AA8: 3 | AB8: 1 | AC8: 1 | AD8: 0 | AE8: 0 | AF8: 0 | AG8: 0 | AH8: BAAAC | AI8: 4 | AJ8: 3-1-1-2-6 | AK8: 1
A9: 8 | B9: 41994 | C9: 12 | D9: 1 | E9: 12 | F9: 1 | G9: 2 | H9: 4 | I9: 5 | J9: 1 | K9: 1 | L9: 1 | M9: 368350 | N9: 1295 | O9: 12 | P9: =VLOOKUP(C9,オッズデータ入力!C$7:C$25,2,FALSE) | Q9: =VLOOKUP(D9,オッズデータ入力!O$7:P$25,2,FALSE) | R9: =VLOOKUP(E9,オッズデータ入力!AA$8:AB$25,2,FALSE) | S9: =VLOOKUP(F9,オッズデータ入力!AM$8:AN$25,2,FALSE) | T9: =VLOOKUP(G9,オッズデータ入力!AY$8:AZ$25,2,FALSE) | U9: =SUM(P9:T9) | V9: B | W9: B | X9: A | Y9: A | Z9: A | AA9: 3 | AB9: 2 | AC9: 0 | AD9: 0 | AE9: 0 | AF9: 0 | AG9: 0 | AH9: BBAAA | AI9: 9 | AJ9: 4-5-1-1-1 | AK9: 1
A10: 9 | B10: 41497 | C10: 2 | D10: 13 | E10: 1 | F10: 8 | G10: 1 | H10: 1 | I10: 3 | J10: 2 | K10: 1 | L10: 4 | M10: 106870 | N10: 4932 | O10: 11 | P10: =VLOOKUP(C10,オッズデータ入力!C$7:C$25,2,FALSE) | Q10: =VLOOKUP(D10,オッズデータ入力!O$7:P$25,2,FALSE) | R10: =VLOOKUP(E10,オッズデータ入力!AA$8:AB$25,2,FALSE) | S10: =VLOOKUP(F10,オッズデータ入力!AM$8:AN$25,2,FALSE) | T10: =VLOOKUP(G10,オッズデータ入力!AY$8:AZ$25,2,FALSE) | U10: =SUM(P10:T10) | V10: A | W10: B | X10: A | Y10: A | Z10: B | AA10: 3 | AB10: 2 | AC10: 0 | AD10: 0 | AE10: 0 | AF10: 0 | AG10: 0 | AH10: ABAAB | AI10: 10 | AJ10: 1-3-2-1-4 | AK10: 1
A11: 10 | B11: 45676 | C11: 1 | D11: 2 | E11: 12 | F11: 8 | G11: 2 | H11: 2 | I11: 1 | J11: 14 | K11: 4 | L11: 11 | M11: キャリーオーバー | N11: 0 | O11: 32 | P11: =VLOOKUP(C11,オッズデータ入力!C$7:C$25,2,FALSE) | Q11: =VLOOKUP(D11,オッズデータ入力!O$7:P$25,2,FALSE) | R11: =VLOOKUP(E11,オッズデータ入力!AA$8:AB$25,2,FALSE) | S11: =VLOOKUP(F11,オッズデータ入力!AM$8:AN$25,2,FALSE) | T11: =VLOOKUP(G11,オッズデータ入力!AY$8:AZ$25,2,FALSE) | U11: =SUM(P11:T11) | V11: A | W11: A | X11: F | Y11: B | Z11: E | AA11: 2 | AB11: 1 | AC11: 0 | AD11: 0 | AE11: 1 | AF11: 1 | AG11: 0 | AH11: AAFBE | AI11: 1 | AJ11: 2-1-14-4-11 | AK11: 1
A12: 11 | B12: 44675 | C12: 8 | D12: 8 | E12: 8 | F12: 13 | G12: 2 | H12: 6 | I12: 1 | J12: 2 | K12: 6 | L12: 5 | M12: 3622950 | N12: 144 | O12: 20 | P12: =VLOOKUP(C12,オッズデータ入力!C$7:C$25,2,FALSE) | Q12: =VLOOKUP(D12,オッズデータ入力!O$7:P$25,2,FALSE) | R12: =VLOOKUP(E12,オッズデータ入力!AA$8:AB$25,2,FALSE) | S12: =VLOOKUP(F12,オッズデータ入力!AM$8:AN$25,2,FALSE) | T12: =VLOOKUP(G12,オッズデータ入力!AY$8:AZ$25,2,FALSE) | U12: =SUM(P12:T12) | V12: C | W12: A | X12: A | Y12: C | Z12: B | AA12: 2 | AB12: 1 | AC12: 2 | AD12: 0 | AE12: 0 | AF12: 0 | AG12: 0 | AH12: CAACB | AI12: 2 | AJ12: 6-1-2-6-5 | AK12: 1
A13: 12 | B13: 44647 | C13: 8 | D13: 7 | E13: 12 | F13: 12 | G13: 2 | H13: 1 | I13: 3 | J13: 4 | K13: 2 | L13: 8 | M13: 1572040 | N13: 339 | O13: 18 | P13: =VLOOKUP(C13,オッズデータ入力!C$7:C$25,2,FALSE) | Q13: =VLOOKUP(D13,オッズデータ入力!O$7:P$25,2,FALSE) | R13: =VLOOKUP(E13,オッズデータ入力!AA$8:AB$25,2,FALSE) | S13: =VLOOKUP(F13,オッズデータ入力!AM$8:AN$25,2,FALSE) | T13: =VLOOKUP(G13,オッズデータ入力!AY$8:AZ$25,2,FALSE) | U13: =SUM(P13:T13) | V13: A | W13: B | X13: B | Y13: A | Z13: D | AA13: 2 | AB13: 2 | AC13: 0 | AD13: 1 | AE13: 0 | AF13: 0 | AG13: 0 | AH13: ABBAD | AI13: 3 | AJ13: 1-3-4-2-8 | AK13: 1
A14: 13 | B14: 44451 | C14: 2 | D14: 8 | E14: 2 | F14: 8 | G14: 2 | H14: 1 | I14: 5 | J14: 13 | K14: 1 | L14: 7 | M14: 4343060 | N14: 120 | O14: 27 | P14: =VLOOKUP(C14,オッズデータ入力!C$7:C$25,2,FALSE) | Q14: =VLOOKUP(D14,オッズデータ入力!O$7:P$25,2,FALSE) | R14: =VLOOKUP(E14,オッズデータ入力!AA$8:AB$25,2,FALSE) | S14: =VLOOKUP(F14,オッズデータ入力!AM$8:AN$25,2,FALSE) | T14: =VLOOKUP(G14,オッズデータ入力!AY$8:AZ$25,2,FALSE) | U14: =SUM(P14:T14) | V14: A | W14: B | X14: E | Y14: A | Z14: C | AA14: 2 | AB14: 1 | AC14: 1 | AD14: 0 | AE14: 1 | AF14: 0 | AG14: 0 | AH14: ABEAC | AI14: 1 | AJ14: 1-5-13-1-7 | AK14: 1
A15: 14 | B15: 43121 | C15: 2 | D15: 7 | E15: 8 | F15: 2 | G15: 7 | H15: 3 | I15: 6 | J15: 1 | K15: 4 | L15: 2 | M15: 566080 | N15: 718 | O15: 16 | P15: =VLOOKUP(C15,オッズデータ入力!C$7:C$25,2,FALSE) | Q15: =VLOOKUP(D15,オッズデータ入力!O$7:P$25,2,FALSE) | R15: =VLOOKUP(E15,オッズデータ入力!AA$8:AB$25,2,FALSE) | S15: =VLOOKUP(F15,オッズデータ入力!AM$8:AN$25,2,FALSE) | T15: =VLOOKUP(G15,オッズデータ入力!AY$8:AZ$25,2,FALSE) | U15: =SUM(P15:T15) | V15: B | W15: C | X15: A | Y15: B | Z15: A | AA15: 2 | AB15: 2 | AC15: 1 | AD15: 0 | AE15: 0 | AF15: 0 | AG15: 0 | AH15: BCABA | AI15: 4 | AJ15: 3-6-1-4-2 | AK15: 1
A16: 15 | B16: 45011 | C16: 2 | D16: 8 | E16: 2 | F16: 12 | G16: 13 | H16: 2 | I16: 4 | J16: 7 | K16: 5 | L16: 12 | M16: 38485560 | N16: 13 | O16: 30 | P16: =VLOOKUP(C16,オッズデータ入力!C$7:C$25,2,FALSE) | Q16: =VLOOKUP(D16,オッズデータ入力!O$7:P$25,2,FALSE) | R16: =VLOOKUP(E16,オッズデータ入力!AA$8:AB$25,2,FALSE) | S16: =VLOOKUP(F16,オッズデータ入力!AM$8:AN$25,2,FALSE) | T16: =VLOOKUP(G16,オッズデータ入力!AY$8:AZ$25,2,FALSE) | U16: =SUM(P16:T16) | V16: A | W16: B | X16: C | Y16: B | Z16: E | AA16: 1 | AB16: 2 | AC16: 1 | AD16: 0 | AE16: 1 | AF16: 0 | AG16: 0 | AH16: ABCBE | AI16: 1 | AJ16: 2-4-7-5-12 | AK16: 1
A17: 16 | B17: 41735 | C17: 7 | D17: 7 | E17: 7 | F17: 7 | G17: 2 | H17: 7 | I17: 7 | J17: 8 | K17: 2 | L17: 4 | M17: 27302120 | N17: 20 | O17: 28 | P17: =VLOOKUP(C17,オッズデータ入力!C$7:C$25,2,FALSE) | Q17: =VLOOKUP(D17,オッズデータ入力!O$7:P$25,2,FALSE) | R17: =VLOOKUP(E17,オッズデータ入力!AA$8:AB$25,2,FALSE) | S17: =VLOOKUP(F17,オッズデータ入力!AM$8:AN$25,2,FALSE) | T17: =VLOOKUP(G17,オッズデータ入力!AY$8:AZ$25,2,FALSE) | U17: =SUM(P17:T17) | V17: C | W17: C | X17: D | Y17: A | Z17: B | AA17: 1 | AB17: 1 | AC17: 2 | AD17: 1 | AE17: 0 | AF17: 0 | AG17: 0 | AH17: CCDAB | AI17: 1 | AJ17: 7-7-8-2-4 | AK17: 1
H19: 計
B20: 1 | C20: =COUNTIF(C$2:C$17,B20) | D20: =COUNTIF(D$2:D$17,B20) | E20: =COUNTIF(E$2:E$17,B20) | F20: =COUNTIF(F$2:F$17,B20) | G20: =COUNTIF(G$2:G$17,B20) | H20: =SUM(C20:G20) | P20: =SUBTOTAL(3,P2:P17)
B21: 2 | C21: =COUNTIF(C$2:C$17,B21) | D21: =COUNTIF(D$2:D$17,B21) | E21: =COUNTIF(E$2:E$17,B21) | F21: =COUNTIF(F$2:F$17,B21) | G21: =COUNTIF(G$2:G$17,B21) | H21: =SUM(C21:G21)
B22: 7 | C22: =COUNTIF(C$2:C$17,B22) | D22: =COUNTIF(D$2:D$17,B22) | E22: =COUNTIF(E$2:E$17,B22) | F22: =COUNTIF(F$2:F$17,B22) | G22: =COUNTIF(G$2:G$17,B22) | H22: =SUM(C22:G22)
B23: 8 | C23: =COUNTIF(C$2:C$17,B23) | D23: =COUNTIF(D$2:D$17,B23) | E23: =COUNTIF(E$2:E$17,B23) | F23: =COUNTIF(F$2:F$17,B23) | G23: =COUNTIF(G$2:G$17,B23) | H23: =SUM(C23:G23)
B24: 12 | C24: =COUNTIF(C$2:C$17,B24) | D24: =COUNTIF(D$2:D$17,B24) | E24: =COUNTIF(E$2:E$17,B24) | F24: =COUNTIF(F$2:F$17,B24) | G24: =COUNTIF(G$2:G$17,B24) | H24: =SUM(C24:G24)
B25: 13 | C25: =COUNTIF(C$2:C$17,B25) | D25: =COUNTIF(D$2:D$17,B25) | E25: =COUNTIF(E$2:E$17,B25) | F25: =COUNTIF(F$2:F$17,B25) | G25: =COUNTIF(G$2:G$17,B25) | H25: =SUM(C25:G25)

Sheet WIN1  3連単フォーメーション
A1: WIN1 3連単フォーメーション
B5: 1 | C5: 2 | D5: 〉〉〉 | E5: 1 | F5: 2 | G5: 3 | H5: 4 | I5: 5 | J5: 6 | K5: 7 | L5: 8 | M5: 〉〉〉 | N5: 4 | O5: 5 | P5: 6 | Q5: 7 | R5: 8 | S5: 9 | T5: 10
B6: =VLOOKUP(B5,オッズデータ入力!$C$8:$D$25,2,FALSE) | C6: =VLOOKUP(C5,オッズデータ入力!$C$8:$D$25,2,FALSE) | E6: =VLOOKUP(E5,オッズデータ入力!$C$8:$D$25,2,FALSE) | F6: =VLOOKUP(F5,オッズデータ入力!$C$8:$D$25,2,FALSE) | G6: =VLOOKUP(G5,オッズデータ入力!$C$8:$D$25,2,FALSE) | H6: =VLOOKUP(H5,オッズデータ入力!$C$8:$D$25,2,FALSE) | I6: =VLOOKUP(I5,オッズデータ入力!$C$8:$D$25,2,FALSE) | J6: =VLOOKUP(J5,オッズデータ入力!$C$8:$D$25,2,FALSE) | K6: =VLOOKUP(K5,オッズデータ入力!$C$8:$D$25,2,FALSE) | L6: =VLOOKUP(L5,オッズデータ入力!$C$8:$D$25,2,FALSE) | N6: =VLOOKUP(N5,オッズデータ入力!$C$8:$D$25,2,FALSE) | O6: =VLOOKUP(O5,オッズデータ入力!$C$8:$D$25,2,FALSE) | P6: =VLOOKUP(P5,オッズデータ入力!$C$8:$D$25,2,FALSE) | Q6: =VLOOKUP(Q5,オッズデータ入力!$C$8:$D$25,2,FALSE) | R6: =VLOOKUP(R5,オッズデータ入力!$C$8:$D$25,2,FALSE) | S6: =VLOOKUP(S5,オッズデータ入力!$C$8:$D$25,2,FALSE) | T6: =VLOOKUP(T5,オッズデータ入力!$C$8:$D$25,2,FALSE)
B8: 1 | C8: 2 | D8: 〉〉〉 | E8: 2 | F8: 3 | G8: 4 | H8: 5 | I8: 6 | J8: 7 | K8: 〉〉〉 | L8: 2 | M8: 3 | N8: 4 | O8: 5 | P8: 6 | Q8: 7 | R8: 8 | S8: 9
B9: =VLOOKUP(B8,オッズデータ入力!$C$8:$D$25,2,FALSE) | C9: =VLOOKUP(C8,オッズデータ入力!$C$8:$D$25,2,FALSE) | E9: =VLOOKUP(E8,オッズデータ入力!$C$8:$D$25,2,FALSE) | F9: =VLOOKUP(F8,オッズデータ入力!$C$8:$D$25,2,FALSE) | G9: =VLOOKUP(G8,オッズデータ入力!$C$8:$D$25,2,FALSE) | H9: =VLOOKUP(H8,オッズデータ入力!$C$8:$D$25,2,FALSE) | I9: =VLOOKUP(I8,オッズデータ入力!$C$8:$D$25,2,FALSE) | J9: =VLOOKUP(J8,オッズデータ入力!$C$8:$D$25,2,FALSE) | L9: =VLOOKUP(L8,オッズデータ入力!$C$8:$D$25,2,FALSE) | M9: =VLOOKUP(M8,オッズデータ入力!$C$8:$D$25,2,FALSE) | N9: =VLOOKUP(N8,オッズデータ入力!$C$8:$D$25,2,FALSE) | O9: =VLOOKUP(O8,オッズデータ入力!$C$8:$D$25,2,FALSE) | P9: =VLOOKUP(P8,オッズデータ入力!$C$8:$D$25,2,FALSE) | Q9: =VLOOKUP(Q8,オッズデータ入力!$C$8:$D$25,2,FALSE) | R9: =VLOOKUP(R8,オッズデータ入力!$C$8:$D$25,2,FALSE) | S9: =VLOOKUP(S8,オッズデータ入力!$C$8:$D$25,2,FALSE)
A11: 3連単フォーメーション
B12: ◎ | D12: 〇 | E12: ▲ | G12: 〇 | H12: ▲ | I12: △ | J12: ★ | K12: ☆ | L12: ◆
A13: ① 1-2-6（10点） | B13: 1 | C13: 〉〉〉 | D13: 2 | E13: 3 | F13: 〉〉〉 | G13: 2 | H13: 3 | I13: 4 | J13: 5 | K13: 6 | L13: 7
B14: =VLOOKUP(B13,オッズデータ入力!$C$8:$D$25,2,FALSE) | D14: =VLOOKUP(D13,オッズデータ入力!$C$8:$D$25,2,FALSE) | E14: =VLOOKUP(E13,オッズデータ入力!$C$8:$D$25,2,FALSE) | G14: =VLOOKUP(G13,オッズデータ入力!$C$8:$D$25,2,FALSE) | H14: =VLOOKUP(H13,オッズデータ入力!$C$8:$D$25,2,FALSE) | I14: =VLOOKUP(I13,オッズデータ入力!$C$8:$D$25,2,FALSE) | J14: =VLOOKUP(J13,オッズデータ入力!$C$8:$D$25,2,FALSE) | K14: =VLOOKUP(K13,オッズデータ入力!$C$8:$D$25,2,FALSE) | L14: =VLOOKUP(L13,オッズデータ入力!$C$8:$D$25,2,FALSE)
B15: ※ １着に自信あり、２着候補も絞れている場合（２着に中穴を入れておく）
B17: ◎ | D17: 〇 | E17: ▲ | F17: △ | H17: 〇 | I17: ▲ | J17: △ | K17: ★ | L17: ☆ | M17: ◆ | N17: ◇
A18: ② 1-3-7（18点） | B18: 1 | C18: 〉〉〉 | D18: 2 | E18: 3 | F18: 4 | G18: 〉〉〉 | H18: 2 | I18: 3 | J18: 4 | K18: 5 | L18: 6 | M18: 7 | N18: 8
B19: =VLOOKUP(B18,オッズデータ入力!$C$8:$D$25,2,FALSE) | D19: =VLOOKUP(D18,オッズデータ入力!$C$8:$D$25,2,FALSE) | E19: =VLOOKUP(E18,オッズデータ入力!$C$8:$D$25,2,FALSE) | F19: =VLOOKUP(F18,オッズデータ入力!$C$8:$D$25,2,FALSE) | H19: =VLOOKUP(H18,オッズデータ入力!$C$8:$D$25,2,FALSE) | I19: =VLOOKUP(I18,オッズデータ入力!$C$8:$D$25,2,FALSE) | J19: =VLOOKUP(J18,オッズデータ入力!$C$8:$D$25,2,FALSE) | K19: =VLOOKUP(K18,オッズデータ入力!$C$8:$D$25,2,FALSE) | L19: =VLOOKUP(L18,オッズデータ入力!$C$8:$D$25,2,FALSE) | M19: =VLOOKUP(M18,オッズデータ入力!$C$8:$D$25,2,FALSE) | N19: =VLOOKUP(N18,オッズデータ入力!$C$8:$D$25,2,FALSE)
B20: ※ 2着候補を3頭まで増やせる買い方（3着候補を7頭まで選べる）
A22: ③ 2-2-5（10点） | B22: ◎ | C22: 〇 | E22: ◎ | F22: 〇 | H22: ▲ | I22: △ | J22: ★ | K22: ☆ | L22: ◆
B23: 1 | C23: 2 | D23: 〉〉〉 | E23: 1 | F23: 2 | G23: 〉〉〉 | H23: 3 | I23: 4 | J23: 5 | K23: 6 | L23: 7
B24: =VLOOKUP(B23,オッズデータ入力!$C$8:$D$25,2,FALSE) | C24: =VLOOKUP(C23,オッズデータ入力!$C$8:$D$25,2,FALSE) | E24: =VLOOKUP(E23,オッズデータ入力!$C$8:$D$25,2,FALSE) | F24: =VLOOKUP(F23,オッズデータ入力!$C$8:$D$25,2,FALSE) | H24: =VLOOKUP(H23,オッズデータ入力!$C$8:$D$25,2,FALSE) | I24: =VLOOKUP(I23,オッズデータ入力!$C$8:$D$25,2,FALSE) | J24: =VLOOKUP(J23,オッズデータ入力!$C$8:$D$25,2,FALSE) | K24: =VLOOKUP(K23,オッズデータ入力!$C$8:$D$25,2,FALSE) | L24: =VLOOKUP(L23,オッズデータ入力!$C$8:$D$25,2,FALSE)
B25: ※ 2頭が抜けていると判断した時
A27: ④ 2-4-6（24点） | B27: ◎ | C27: 〇 | E27: ◎ | F27: 〇 | G27: ▲ | H27: △ | J27: ◎ | K27: 〇 | L27: ▲ | M27: △ | N27: ★ | O27: ☆
B28: 1 | C28: 2 | D28: 〉〉〉 | E28: 1 | F28: 2 | G28: 3 | H28: 4 | I28: 〉〉〉 | J28: 1 | K28: 2 | L28: 3 | M28: 4 | N28: 5 | O28: 6
B29: =VLOOKUP(B28,オッズデータ入力!$C$8:$D$25,2,FALSE) | C29: =VLOOKUP(C28,オッズデータ入力!$C$8:$D$25,2,FALSE) | E29: =VLOOKUP(E28,オッズデータ入力!$C$8:$D$25,2,FALSE) | F29: =VLOOKUP(F28,オッズデータ入力!$C$8:$D$25,2,FALSE) | G29: =VLOOKUP(G28,オッズデータ入力!$C$8:$D$25,2,FALSE) | H29: =VLOOKUP(H28,オッズデータ入力!$C$8:$D$25,2,FALSE) | J29: =VLOOKUP(J28,オッズデータ入力!$C$8:$D$25,2,FALSE) | K29: =VLOOKUP(K28,オッズデータ入力!$C$8:$D$25,2,FALSE) | L29: =VLOOKUP(L28,オッズデータ入力!$C$8:$D$25,2,FALSE) | M29: =VLOOKUP(M28,オッズデータ入力!$C$8:$D$25,2,FALSE) | N29: =VLOOKUP(N28,オッズデータ入力!$C$8:$D$25,2,FALSE) | O29: =VLOOKUP(O28,オッズデータ入力!$C$8:$D$25,2,FALSE)
B30: ※ 2着候補を4頭まで選べる
A32: ジャイさんの買い方
B33: ◎ | D33: 〇 | E33: ▲ | G33: △ | H33: △ | I33: △ | J33: △ | K33: △ | L33: △ | M33: △ | N33: △ | O33: △ | P33: △ | Q33: △
A34: ① 1-2-11（22点） | B34: 1 | C34: 〉〉〉 | D34: 2 | E34: 3 | F34: 〉〉〉 | G34: 4 | H34: 5 | I34: 6 | J34: 7 | K34: 8 | L34: 9 | M34: 10 | N34: 11 | O34: 12 | P34: 13 | Q34: 14
B35: =VLOOKUP(B34,オッズデータ入力!$C$8:$D$25,2,FALSE) | D35: =VLOOKUP(D34,オッズデータ入力!$C$8:$D$25,2,FALSE) | E35: =VLOOKUP(E34,オッズデータ入力!$C$8:$D$25,2,FALSE) | G35: =VLOOKUP(G34,オッズデータ入力!$C$8:$D$25,2,FALSE) | H35: =VLOOKUP(H34,オッズデータ入力!$C$8:$D$25,2,FALSE) | I35: =VLOOKUP(I34,オッズデータ入力!$C$8:$D$25,2,FALSE) | J35: =VLOOKUP(J34,オッズデータ入力!$C$8:$D$25,2,FALSE) | K35: =VLOOKUP(K34,オッズデータ入力!$C$8:$D$25,2,FALSE) | L35: =VLOOKUP(L34,オッズデータ入力!$C$8:$D$25,2,FALSE) | M35: =VLOOKUP(M34,オッズデータ入力!$C$8:$D$25,2,FALSE) | N35: =VLOOKUP(N34,オッズデータ入力!$C$8:$D$25,2,FALSE) | ... Q35: =VLOOKUP(Q34,オッズデータ入力!$C$8:$D$25,2,FALSE)
B37: ◎ | D37: △ | E37: △ | F37: △ | G37: △ | H37: △ | I37: △ | J37: △ | K37: △ | L37: △ | M37: △ | N37: △ | P37: 〇 | Q37: ▲
A38: ② 1-11-2（22点） | B38: 1 | C38: 〉〉〉 | D38: 4 | E38: 5 | F38: 6 | G38: 7 | H38: 8 | I38: 9 | J38: 10 | K38: 11 | L38: 12 | M38: 13 | N38: 14 | O38: 〉〉〉 | P38: 2 | Q38: 3
B39: =VLOOKUP(B38,オッズデータ入力!$C$8:$D$25,2,FALSE) | D39: =VLOOKUP(D38,オッズデータ入力!$C$8:$D$25,2,FALSE) | E39: =VLOOKUP(E38,オッズデータ入力!$C$8:$D$25,2,FALSE) | F39: =VLOOKUP(F38,オッズデータ入力!$C$8:$D$25,2,FALSE) | G39: =VLOOKUP(G38,オッズデータ入力!$C$8:$D$25,2,FALSE) | H39: =VLOOKUP(H38,オッズデータ入力!$C$8:$D$25,2,FALSE) | I39: =VLOOKUP(I38,オッズデータ入力!$C$8:$D$25,2,FALSE) | J39: =VLOOKUP(J38,オッズデータ入力!$C$8:$D$25,2,FALSE) | K39: =VLOOKUP(K38,オッズデータ入力!$C$8:$D$25,2,FALSE) | ... N39: =VLOOKUP(N38,オッズデータ入力!$C$8:$D$25,2,FALSE) | P39: =VLOOKUP(P38,オッズデータ入力!$C$8:$D$25,2,FALSE) | Q39: =VLOOKUP(Q38,オッズデータ入力!$C$8:$D$25,2,FALSE)
B41: 〇 | C41: ▲ | E41: ◎ | G41: △ | H41: △ | I41: △ | J41: △ | K41: △ | L41: △ | M41: △ | N41: △ | O41: △ | P41: △ | Q41: △
A42: ③ 2-1-11（22点） | B42: 2 | C42: 3 | D42: 〉〉〉 | E42: 1 | F42: 〉〉〉 | G42: 4 | H42: 5 | I42: 6 | J42: 7 | K42: 8 | L42: 9 | M42: 10 | N42: 11 | O42: 12 | P42: 13 | Q42: 14
B43: =VLOOKUP(B42,オッズデータ入力!$C$8:$D$25,2,FALSE) | C43: =VLOOKUP(C42,オッズデータ入力!$C$8:$D$25,2,FALSE) | E43: =VLOOKUP(E42,オッズデータ入力!$C$8:$D$25,2,FALSE) | G43: =VLOOKUP(G42,オッズデータ入力!$C$8:$D$25,2,FALSE) | H43: =VLOOKUP(H42,オッズデータ入力!$C$8:$D$25,2,FALSE) | I43: =VLOOKUP(I42,オッズデータ入力!$C$8:$D$25,2,FALSE) | J43: =VLOOKUP(J42,オッズデータ入力!$C$8:$D$25,2,FALSE) | K43: =VLOOKUP(K42,オッズデータ入力!$C$8:$D$25,2,FALSE) | L43: =VLOOKUP(L42,オッズデータ入力!$C$8:$D$25,2,FALSE) | M43: =VLOOKUP(M42,オッズデータ入力!$C$8:$D$25,2,FALSE) | N43: =VLOOKUP(N42,オッズデータ入力!$C$8:$D$25,2,FALSE) | ... Q43: =VLOOKUP(Q42,オッズデータ入力!$C$8:$D$25,2,FALSE)
B45: 〇 | C45: ▲ | E45: △ | F45: △ | G45: △ | H45: △ | I45: △ | J45: △ | K45: △ | L45: △ | M45: △ | N45: △ | O45: △ | Q45: ◎
A46: ④ 2-11-1（22点） | B46: 2 | C46: 3 | D46: 〉〉〉 | E46: 4 | F46: 5 | G46: 6 | H46: 7 | I46: 8 | J46: 9 | K46: 10 | L46: 11 | M46: 12 | N46: 13 | O46: 14 | P46: 〉〉〉 | Q46: 1
B47: =VLOOKUP(B46,オッズデータ入力!$C$8:$D$25,2,FALSE) | C47: =VLOOKUP(C46,オッズデータ入力!$C$8:$D$25,2,FALSE) | E47: =VLOOKUP(E46,オッズデータ入力!$C$8:$D$25,2,FALSE) | F47: =VLOOKUP(F46,オッズデータ入力!$C$8:$D$25,2,FALSE) | G47: =VLOOKUP(G46,オッズデータ入力!$C$8:$D$25,2,FALSE) | H47: =VLOOKUP(H46,オッズデータ入力!$C$8:$D$25,2,FALSE) | I47: =VLOOKUP(I46,オッズデータ入力!$C$8:$D$25,2,FALSE) | J47: =VLOOKUP(J46,オッズデータ入力!$C$8:$D$25,2,FALSE) | K47: =VLOOKUP(K46,オッズデータ入力!$C$8:$D$25,2,FALSE) | L47: =VLOOKUP(L46,オッズデータ入力!$C$8:$D$25,2,FALSE) | ... O47: =VLOOKUP(O46,オッズデータ入力!$C$8:$D$25,2,FALSE) | Q47: =VLOOKUP(Q46,オッズデータ入力!$C$8:$D$25,2,FALSE)
B49: △ | C49: △ | D49: △ | E49: △ | F49: △ | G49: △ | H49: △ | I49: △ | J49: △ | K49: △ | L49: △ | N49: 〇 | O49: ▲ | Q49: ◎
A50: ⑤ 11-2-1（22点） | B50: 4 | C50: 5 | D50: 6 | E50: 7 | F50: 8 | G50: 9 | H50: 10 | I50: 11 | J50: 12 | K50: 13 | L50: 14 | M50: 〉〉〉 | N50: 2 | O50: 3 | P50: 〉〉〉 | Q50: 1
B51: =VLOOKUP(B50,オッズデータ入力!$C$8:$D$25,2,FALSE) | C51: =VLOOKUP(C50,オッズデータ入力!$C$8:$D$25,2,FALSE) | D51: =VLOOKUP(D50,オッズデータ入力!$C$8:$D$25,2,FALSE) | E51: =VLOOKUP(E50,オッズデータ入力!$C$8:$D$25,2,FALSE) | F51: =VLOOKUP(F50,オッズデータ入力!$C$8:$D$25,2,FALSE) | G51: =VLOOKUP(G50,オッズデータ入力!$C$8:$D$25,2,FALSE) | H51: =VLOOKUP(H50,オッズデータ入力!$C$8:$D$25,2,FALSE) | I51: =VLOOKUP(I50,オッズデータ入力!$C$8:$D$25,2,FALSE) | ... L51: =VLOOKUP(L50,オッズデータ入力!$C$8:$D$25,2,FALSE) | N51: =VLOOKUP(N50,オッズデータ入力!$C$8:$D$25,2,FALSE) | O51: =VLOOKUP(O50,オッズデータ入力!$C$8:$D$25,2,FALSE) | Q51: =VLOOKUP(Q50,オッズデータ入力!$C$8:$D$25,2,FALSE)
B53: △ | C53: △ | D53: △ | E53: △ | F53: △ | G53: △ | H53: △ | I53: △ | J53: △ | K53: △ | L53: △ | N53: ◎ | P53: 〇 | Q53: ▲
A54: ⑥ 11-1-2（22点） | B54: 4 | C54: 5 | D54: 6 | E54: 7 | F54: 8 | G54: 9 | H54: 10 | I54: 11 | J54: 12 | K54: 13 | L54: 14 | M54: 〉〉〉 | N54: 1 | O54: 〉〉〉 | P54: 2 | Q54: 3
B55: =VLOOKUP(B54,オッズデータ入力!$C$8:$D$25,2,FALSE) | C55: =VLOOKUP(C54,オッズデータ入力!$C$8:$D$25,2,FALSE) | D55: =VLOOKUP(D54,オッズデータ入力!$C$8:$D$25,2,FALSE) | E55: =VLOOKUP(E54,オッズデータ入力!$C$8:$D$25,2,FALSE) | F55: =VLOOKUP(F54,オッズデータ入力!$C$8:$D$25,2,FALSE) | G55: =VLOOKUP(G54,オッズデータ入力!$C$8:$D$25,2,FALSE) | H55: =VLOOKUP(H54,オッズデータ入力!$C$8:$D$25,2,FALSE) | I55: =VLOOKUP(I54,オッズデータ入力!$C$8:$D$25,2,FALSE) | ... L55: =VLOOKUP(L54,オッズデータ入力!$C$8:$D$25,2,FALSE) | N55: =VLOOKUP(N54,オッズデータ入力!$C$8:$D$25,2,FALSE) | P55: =VLOOKUP(P54,オッズデータ入力!$C$8:$D$25,2,FALSE) | Q55: =VLOOKUP(Q54,オッズデータ入力!$C$8:$D$25,2,FALSE)

Sheet WIN2 3連単フォーメーション 
A1: WIN2 3連単フォーメーション
B2: ◎ | D2: 〇 | E2: ▲ | G2: 〇 | H2: ▲ | I2: △ | J2: ★ | K2: ☆ | L2: ◆
A3: ① 1-2-6（10点） | B3: 1 | C3: 〉〉〉 | D3: 2 | E3: 3 | F3: 〉〉〉 | G3: 2 | H3: 3 | I3: 4 | J3: 5 | K3: 6 | L3: 7
B4: =VLOOKUP(B3,オッズデータ入力!$O$8:$P$25,2,FALSE) | D4: =VLOOKUP(D3,オッズデータ入力!$O$8:$P$25,2,FALSE) | E4: =VLOOKUP(E3,オッズデータ入力!$O$8:$P$25,2,FALSE) | G4: =VLOOKUP(G3,オッズデータ入力!$O$8:$P$25,2,FALSE) | H4: =VLOOKUP(H3,オッズデータ入力!$O$8:$P$25,2,FALSE) | I4: =VLOOKUP(I3,オッズデータ入力!$O$8:$P$25,2,FALSE) | J4: =VLOOKUP(J3,オッズデータ入力!$O$8:$P$25,2,FALSE) | K4: =VLOOKUP(K3,オッズデータ入力!$O$8:$P$25,2,FALSE) | L4: =VLOOKUP(L3,オッズデータ入力!$O$8:$P$25,2,FALSE)
B5: ※ １着に自信あり、２着候補も絞れている場合（２着に中穴を入れておく）
B7: ◎ | D7: 〇 | E7: ▲ | F7: △ | H7: 〇 | I7: ▲ | J7: △ | K7: ★ | L7: ☆ | M7: ◆ | N7: ◇
A8: ② 1-3-7（18点） | B8: 1 | C8: 〉〉〉 | D8: 2 | E8: 3 | F8: 4 | G8: 〉〉〉 | H8: 2 | I8: 3 | J8: 4 | K8: 5 | L8: 6 | M8: 7 | N8: 8
B9: =VLOOKUP(B8,オッズデータ入力!$O$8:$P$25,2,FALSE) | D9: =VLOOKUP(D8,オッズデータ入力!$O$8:$P$25,2,FALSE) | E9: =VLOOKUP(E8,オッズデータ入力!$O$8:$P$25,2,FALSE) | F9: =VLOOKUP(F8,オッズデータ入力!$O$8:$P$25,2,FALSE) | H9: =VLOOKUP(H8,オッズデータ入力!$O$8:$P$25,2,FALSE) | I9: =VLOOKUP(I8,オッズデータ入力!$O$8:$P$25,2,FALSE) | J9: =VLOOKUP(J8,オッズデータ入力!$O$8:$P$25,2,FALSE) | K9: =VLOOKUP(K8,オッズデータ入力!$O$8:$P$25,2,FALSE) | L9: =VLOOKUP(L8,オッズデータ入力!$O$8:$P$25,2,FALSE) | M9: =VLOOKUP(M8,オッズデータ入力!$O$8:$P$25,2,FALSE) | N9: =VLOOKUP(N8,オッズデータ入力!$O$8:$P$25,2,FALSE)
B10: ※ 2着候補を3頭まで増やせる買い方（3着候補を7頭まで選べる）
A13: ③ 2-2-5（10点） | B13: ◎ | C13: 〇 | E13: ◎ | F13: 〇 | H13: ▲ | I13: △ | J13: ★ | K13: ☆ | L13: ◆
B14: 1 | C14: 2 | D14: 〉〉〉 | E14: 1 | F14: 2 | G14: 〉〉〉 | H14: 3 | I14: 4 | J14: 5 | K14: 6 | L14: 7
B15: =VLOOKUP(B14,オッズデータ入力!$O$8:$P$25,2,FALSE) | C15: =VLOOKUP(C14,オッズデータ入力!$O$8:$P$25,2,FALSE) | E15: =VLOOKUP(E14,オッズデータ入力!$O$8:$P$25,2,FALSE) | F15: =VLOOKUP(F14,オッズデータ入力!$O$8:$P$25,2,FALSE) | H15: =VLOOKUP(H14,オッズデータ入力!$O$8:$P$25,2,FALSE) | I15: =VLOOKUP(I14,オッズデータ入力!$O$8:$P$25,2,FALSE) | J15: =VLOOKUP(J14,オッズデータ入力!$O$8:$P$25,2,FALSE) | K15: =VLOOKUP(K14,オッズデータ入力!$O$8:$P$25,2,FALSE) | L15: =VLOOKUP(L14,オッズデータ入力!$O$8:$P$25,2,FALSE)
B16: ※ 2頭が抜けていると判断した時
A18: ④ 2-4-6（24点） | B18: ◎ | C18: 〇 | E18: ◎ | F18: 〇 | G18: ▲ | H18: △ | J18: ◎ | K18: 〇 | L18: ▲ | M18: △ | N18: ★ | O18: ☆
B19: 1 | C19: 2 | D19: 〉〉〉 | E19: 1 | F19: 2 | G19: 3 | H19: 4 | I19: 〉〉〉 | J19: 1 | K19: 2 | L19: 3 | M19: 4 | N19: 5 | O19: 6
B20: =VLOOKUP(B19,オッズデータ入力!$O$8:$P$25,2,FALSE) | C20: =VLOOKUP(C19,オッズデータ入力!$O$8:$P$25,2,FALSE) | E20: =VLOOKUP(E19,オッズデータ入力!$O$8:$P$25,2,FALSE) | F20: =VLOOKUP(F19,オッズデータ入力!$O$8:$P$25,2,FALSE) | G20: =VLOOKUP(G19,オッズデータ入力!$O$8:$P$25,2,FALSE) | H20: =VLOOKUP(H19,オッズデータ入力!$O$8:$P$25,2,FALSE) | J20: =VLOOKUP(J19,オッズデータ入力!$O$8:$P$25,2,FALSE) | K20: =VLOOKUP(K19,オッズデータ入力!$O$8:$P$25,2,FALSE) | L20: =VLOOKUP(L19,オッズデータ入力!$O$8:$P$25,2,FALSE) | M20: =VLOOKUP(M19,オッズデータ入力!$O$8:$P$25,2,FALSE) | N20: =VLOOKUP(N19,オッズデータ入力!$O$8:$P$25,2,FALSE) | O20: =VLOOKUP(O19,オッズデータ入力!$O$8:$P$25,2,FALSE)
B21: ※ 2着候補を4頭まで選べる
A23: ジャイさんの買い方
B24: ◎ | D24: 〇 | E24: ▲ | G24: △ | H24: △ | I24: △ | J24: △ | K24: △ | L24: △ | M24: △ | N24: △ | O24: △ | P24: △ | Q24: △
A25: ① 1-2-11（22点） | B25: 1 | C25: 〉〉〉 | D25: 2 | E25: 3 | F25: 〉〉〉 | G25: 4 | H25: 5 | I25: 6 | J25: 7 | K25: 8 | L25: 9 | M25: 10 | N25: 11 | O25: 12 | P25: 13 | Q25: 14
B26: =VLOOKUP(B25,オッズデータ入力!$O$8:$P$25,2,FALSE) | D26: =VLOOKUP(D25,オッズデータ入力!$O$8:$P$25,2,FALSE) | E26: =VLOOKUP(E25,オッズデータ入力!$O$8:$P$25,2,FALSE) | G26: =VLOOKUP(G25,オッズデータ入力!$O$8:$P$25,2,FALSE) | H26: =VLOOKUP(H25,オッズデータ入力!$O$8:$P$25,2,FALSE) | I26: =VLOOKUP(I25,オッズデータ入力!$O$8:$P$25,2,FALSE) | J26: =VLOOKUP(J25,オッズデータ入力!$O$8:$P$25,2,FALSE) | K26: =VLOOKUP(K25,オッズデータ入力!$O$8:$P$25,2,FALSE) | L26: =VLOOKUP(L25,オッズデータ入力!$O$8:$P$25,2,FALSE) | M26: =VLOOKUP(M25,オッズデータ入力!$O$8:$P$25,2,FALSE) | N26: =VLOOKUP(N25,オッズデータ入力!$O$8:$P$25,2,FALSE) | ... Q26: =VLOOKUP(Q25,オッズデータ入力!$O$8:$P$25,2,FALSE)
B28: ◎ | D28: △ | E28: △ | F28: △ | G28: △ | H28: △ | I28: △ | J28: △ | K28: △ | L28: △ | M28: △ | N28: △ | P28: 〇 | Q28: ▲
A29: ② 1-11-2（22点） | B29: 1 | C29: 〉〉〉 | D29: 4 | E29: 5 | F29: 6 | G29: 7 | H29: 8 | I29: 9 | J29: 10 | K29: 11 | L29: 12 | M29: 13 | N29: 14 | O29: 〉〉〉 | P29: 2 | Q29: 3
B30: =VLOOKUP(B29,オッズデータ入力!$O$8:$P$25,2,FALSE) | D30: =VLOOKUP(D29,オッズデータ入力!$O$8:$P$25,2,FALSE) | E30: =VLOOKUP(E29,オッズデータ入力!$O$8:$P$25,2,FALSE) | F30: =VLOOKUP(F29,オッズデータ入力!$O$8:$P$25,2,FALSE) | G30: =VLOOKUP(G29,オッズデータ入力!$O$8:$P$25,2,FALSE) | H30: =VLOOKUP(H29,オッズデータ入力!$O$8:$P$25,2,FALSE) | I30: =VLOOKUP(I29,オッズデータ入力!$O$8:$P$25,2,FALSE) | J30: =VLOOKUP(J29,オッズデータ入力!$O$8:$P$25,2,FALSE) | K30: =VLOOKUP(K29,オッズデータ入力!$O$8:$P$25,2,FALSE) | ... N30: =VLOOKUP(N29,オッズデータ入力!$O$8:$P$25,2,FALSE) | P30: =VLOOKUP(P29,オッズデータ入力!$O$8:$P$25,2,FALSE) | Q30: =VLOOKUP(Q29,オッズデータ入力!$O$8:$P$25,2,FALSE)
B32: 〇 | C32: ▲ | E32: ◎ | G32: △ | H32: △ | I32: △ | J32: △ | K32: △ | L32: △ | M32: △ | N32: △ | O32: △ | P32: △ | Q32: △
A33: ③ 2-1-11（22点） | B33: 2 | C33: 3 | D33: 〉〉〉 | E33: 1 | F33: 〉〉〉 | G33: 4 | H33: 5 | I33: 6 | J33: 7 | K33: 8 | L33: 9 | M33: 10 | N33: 11 | O33: 12 | P33: 13 | Q33: 14
B34: =VLOOKUP(B33,オッズデータ入力!$O$8:$P$25,2,FALSE) | C34: =VLOOKUP(C33,オッズデータ入力!$O$8:$P$25,2,FALSE) | E34: =VLOOKUP(E33,オッズデータ入力!$O$8:$P$25,2,FALSE) | G34: =VLOOKUP(G33,オッズデータ入力!$O$8:$P$25,2,FALSE) | H34: =VLOOKUP(H33,オッズデータ入力!$O$8:$P$25,2,FALSE) | I34: =VLOOKUP(I33,オッズデータ入力!$O$8:$P$25,2,FALSE) | J34: =VLOOKUP(J33,オッズデータ入力!$O$8:$P$25,2,FALSE) | K34: =VLOOKUP(K33,オッズデータ入力!$O$8:$P$25,2,FALSE) | L34: =VLOOKUP(L33,オッズデータ入力!$O$8:$P$25,2,FALSE) | M34: =VLOOKUP(M33,オッズデータ入力!$O$8:$P$25,2,FALSE) | N34: =VLOOKUP(N33,オッズデータ入力!$O$8:$P$25,2,FALSE) | ... Q34: =VLOOKUP(Q33,オッズデータ入力!$O$8:$P$25,2,FALSE)
B36: 〇 | C36: ▲ | E36: △ | F36: △ | G36: △ | H36: △ | I36: △ | J36: △ | K36: △ | L36: △ | M36: △ | N36: △ | O36: △ | Q36: ◎
A37: ④ 2-11-1（22点） | B37: 2 | C37: 3 | D37: 〉〉〉 | E37: 4 | F37: 5 | G37: 6 | H37: 7 | I37: 8 | J37: 9 | K37: 10 | L37: 11 | M37: 12 | N37: 13 | O37: 14 | P37: 〉〉〉 | Q37: 1
B38: =VLOOKUP(B37,オッズデータ入力!$O$8:$P$25,2,FALSE) | C38: =VLOOKUP(C37,オッズデータ入力!$O$8:$P$25,2,FALSE) | E38: =VLOOKUP(E37,オッズデータ入力!$O$8:$P$25,2,FALSE) | F38: =VLOOKUP(F37,オッズデータ入力!$O$8:$P$25,2,FALSE) | G38: =VLOOKUP(G37,オッズデータ入力!$O$8:$P$25,2,FALSE) | H38: =VLOOKUP(H37,オッズデータ入力!$O$8:$P$25,2,FALSE) | I38: =VLOOKUP(I37,オッズデータ入力!$O$8:$P$25,2,FALSE) | J38: =VLOOKUP(J37,オッズデータ入力!$O$8:$P$25,2,FALSE) | K38: =VLOOKUP(K37,オッズデータ入力!$O$8:$P$25,2,FALSE) | L38: =VLOOKUP(L37,オッズデータ入力!$O$8:$P$25,2,FALSE) | ... O38: =VLOOKUP(O37,オッズデータ入力!$O$8:$P$25,2,FALSE) | Q38: =VLOOKUP(Q37,オッズデータ入力!$O$8:$P$25,2,FALSE)
B40: △ | C40: △ | D40: △ | E40: △ | F40: △ | G40: △ | H40: △ | I40: △ | J40: △ | K40: △ | L40: △ | N40: 〇 | O40: ▲ | Q40: ◎
A41: ⑤ 11-2-1（22点） | B41: 4 | C41: 5 | D41: 6 | E41: 7 | F41: 8 | G41: 9 | H41: 10 | I41: 11 | J41: 12 | K41: 13 | L41: 14 | M41: 〉〉〉 | N41: 2 | O41: 3 | P41: 〉〉〉 | Q41: 1
B42: =VLOOKUP(B41,オッズデータ入力!$O$8:$P$25,2,FALSE) | C42: =VLOOKUP(C41,オッズデータ入力!$O$8:$P$25,2,FALSE) | D42: =VLOOKUP(D41,オッズデータ入力!$O$8:$P$25,2,FALSE) | E42: =VLOOKUP(E41,オッズデータ入力!$O$8:$P$25,2,FALSE) | F42: =VLOOKUP(F41,オッズデータ入力!$O$8:$P$25,2,FALSE) | G42: =VLOOKUP(G41,オッズデータ入力!$O$8:$P$25,2,FALSE) | H42: =VLOOKUP(H41,オッズデータ入力!$O$8:$P$25,2,FALSE) | I42: =VLOOKUP(I41,オッズデータ入力!$O$8:$P$25,2,FALSE) | ... L42: =VLOOKUP(L41,オッズデータ入力!$O$8:$P$25,2,FALSE) | N42: =VLOOKUP(N41,オッズデータ入力!$O$8:$P$25,2,FALSE) | O42: =VLOOKUP(O41,オッズデータ入力!$O$8:$P$25,2,FALSE) | Q42: =VLOOKUP(Q41,オッズデータ入力!$O$8:$P$25,2,FALSE)
B44: △ | C44: △ | D44: △ | E44: △ | F44: △ | G44: △ | H44: △ | I44: △ | J44: △ | K44: △ | L44: △ | N44: ◎ | P44: 〇 | Q44: ▲
A45: ⑥ 11-1-2（22点） | B45: 4 | C45: 5 | D45: 6 | E45: 7 | F45: 8 | G45: 9 | H45: 10 | I45: 11 | J45: 12 | K45: 13 | L45: 14 | M45: 〉〉〉 | N45: 1 | O45: 〉〉〉 | P45: 2 | Q45: 3
B46: =VLOOKUP(B45,オッズデータ入力!$O$8:$P$25,2,FALSE) | C46: =VLOOKUP(C45,オッズデータ入力!$O$8:$P$25,2,FALSE) | D46: =VLOOKUP(D45,オッズデータ入力!$O$8:$P$25,2,FALSE) | E46: =VLOOKUP(E45,オッズデータ入力!$O$8:$P$25,2,FALSE) | F46: =VLOOKUP(F45,オッズデータ入力!$O$8:$P$25,2,FALSE) | G46: =VLOOKUP(G45,オッズデータ入力!$O$8:$P$25,2,FALSE) | H46: =VLOOKUP(H45,オッズデータ入力!$O$8:$P$25,2,FALSE) | I46: =VLOOKUP(I45,オッズデータ入力!$O$8:$P$25,2,FALSE) | ... L46: =VLOOKUP(L45,オッズデータ入力!$O$8:$P$25,2,FALSE) | N46: =VLOOKUP(N45,オッズデータ入力!$O$8:$P$25,2,FALSE) | P46: =VLOOKUP(P45,オッズデータ入力!$O$8:$P$25,2,FALSE) | Q46: =VLOOKUP(Q45,オッズデータ入力!$O$8:$P$25,2,FALSE)

Sheet WIN３ 3連単フォーメーション 
A1: WIN３ 3連単フォーメーション
B2: ◎ | D2: 〇 | E2: ▲ | G2: 〇 | H2: ▲ | I2: △ | J2: ★ | K2: ☆ | L2: ◆
A3: ① 1-2-6（10点） | B3: 1 | C3: 〉〉〉 | D3: 2 | E3: 3 | F3: 〉〉〉 | G3: 2 | H3: 3 | I3: 4 | J3: 5 | K3: 6 | L3: 7
B4: =VLOOKUP(B3,オッズデータ入力!$AA$8:$AB$25,2,FALSE) | D4: =VLOOKUP(D3,オッズデータ入力!$AA$8:$AB$25,2,FALSE) | E4: =VLOOKUP(E3,オッズデータ入力!$AA$8:$AB$25,2,FALSE) | G4: =VLOOKUP(G3,オッズデータ入力!$AA$8:$AB$25,2,FALSE) | H4: =VLOOKUP(H3,オッズデータ入力!$AA$8:$AB$25,2,FALSE) | I4: =VLOOKUP(I3,オッズデータ入力!$AA$8:$AB$25,2,FALSE) | J4: =VLOOKUP(J3,オッズデータ入力!$AA$8:$AB$25,2,FALSE) | K4: =VLOOKUP(K3,オッズデータ入力!$AA$8:$AB$25,2,FALSE) | L4: =VLOOKUP(L3,オッズデータ入力!$AA$8:$AB$25,2,FALSE)
B5: ※ １着に自信あり、２着候補も絞れている場合（２着に中穴を入れておく）
B7: ◎ | D7: 〇 | E7: ▲ | F7: △ | H7: 〇 | I7: ▲ | J7: △ | K7: ★ | L7: ☆ | M7: ◆ | N7: ◇
A8: ② 1-3-7（18点） | B8: 1 | C8: 〉〉〉 | D8: 2 | E8: 3 | F8: 4 | G8: 〉〉〉 | H8: 2 | I8: 3 | J8: 4 | K8: 5 | L8: 6 | M8: 7 | N8: 8
B9: =VLOOKUP(B8,オッズデータ入力!$AA$8:$AB$25,2,FALSE) | D9: =VLOOKUP(D8,オッズデータ入力!$AA$8:$AB$25,2,FALSE) | E9: =VLOOKUP(E8,オッズデータ入力!$AA$8:$AB$25,2,FALSE) | F9: =VLOOKUP(F8,オッズデータ入力!$AA$8:$AB$25,2,FALSE) | H9: =VLOOKUP(H8,オッズデータ入力!$AA$8:$AB$25,2,FALSE) | I9: =VLOOKUP(I8,オッズデータ入力!$AA$8:$AB$25,2,FALSE) | J9: =VLOOKUP(J8,オッズデータ入力!$AA$8:$AB$25,2,FALSE) | K9: =VLOOKUP(K8,オッズデータ入力!$AA$8:$AB$25,2,FALSE) | L9: =VLOOKUP(L8,オッズデータ入力!$AA$8:$AB$25,2,FALSE) | M9: =VLOOKUP(M8,オッズデータ入力!$AA$8:$AB$25,2,FALSE) | N9: =VLOOKUP(N8,オッズデータ入力!$AA$8:$AB$25,2,FALSE)
B10: ※ 2着候補を3頭まで増やせる買い方（3着候補を7頭まで選べる）
A12: ③ 2-2-5（10点） | B12: ◎ | C12: 〇 | E12: ◎ | F12: 〇 | H12: ▲ | I12: △ | J12: ★ | K12: ☆ | L12: ◆
B13: 1 | C13: 2 | D13: 〉〉〉 | E13: 1 | F13: 2 | G13: 〉〉〉 | H13: 3 | I13: 4 | J13: 5 | K13: 6 | L13: 7
B14: =VLOOKUP(B13,オッズデータ入力!$AA$8:$AB$25,2,FALSE) | C14: =VLOOKUP(C13,オッズデータ入力!$AA$8:$AB$25,2,FALSE) | E14: =VLOOKUP(E13,オッズデータ入力!$AA$8:$AB$25,2,FALSE) | F14: =VLOOKUP(F13,オッズデータ入力!$AA$8:$AB$25,2,FALSE) | H14: =VLOOKUP(H13,オッズデータ入力!$AA$8:$AB$25,2,FALSE) | I14: =VLOOKUP(I13,オッズデータ入力!$AA$8:$AB$25,2,FALSE) | J14: =VLOOKUP(J13,オッズデータ入力!$AA$8:$AB$25,2,FALSE) | K14: =VLOOKUP(K13,オッズデータ入力!$AA$8:$AB$25,2,FALSE) | L14: =VLOOKUP(L13,オッズデータ入力!$AA$8:$AB$25,2,FALSE)
B15: ※ 2頭が抜けていると判断した時
A17: ④ 2-4-6（24点） | B17: ◎ | C17: 〇 | E17: ◎ | F17: 〇 | G17: ▲ | H17: △ | J17: ◎ | K17: 〇 | L17: ▲ | M17: △ | N17: ★ | O17: ☆
B18: 1 | C18: 2 | D18: 〉〉〉 | E18: 1 | F18: 2 | G18: 3 | H18: 4 | I18: 〉〉〉 | J18: 1 | K18: 2 | L18: 3 | M18: 4 | N18: 5 | O18: 6
B19: =VLOOKUP(B18,オッズデータ入力!$AA$8:$AB$25,2,FALSE) | C19: =VLOOKUP(C18,オッズデータ入力!$AA$8:$AB$25,2,FALSE) | E19: =VLOOKUP(E18,オッズデータ入力!$AA$8:$AB$25,2,FALSE) | F19: =VLOOKUP(F18,オッズデータ入力!$AA$8:$AB$25,2,FALSE) | G19: =VLOOKUP(G18,オッズデータ入力!$AA$8:$AB$25,2,FALSE) | H19: =VLOOKUP(H18,オッズデータ入力!$AA$8:$AB$25,2,FALSE) | J19: =VLOOKUP(J18,オッズデータ入力!$AA$8:$AB$25,2,FALSE) | K19: =VLOOKUP(K18,オッズデータ入力!$AA$8:$AB$25,2,FALSE) | L19: =VLOOKUP(L18,オッズデータ入力!$AA$8:$AB$25,2,FALSE) | M19: =VLOOKUP(M18,オッズデータ入力!$AA$8:$AB$25,2,FALSE) | N19: =VLOOKUP(N18,オッズデータ入力!$AA$8:$AB$25,2,FALSE) | O19: =VLOOKUP(O18,オッズデータ入力!$AA$8:$AB$25,2,FALSE)
B20: ※ 2着候補を4頭まで選べる
A22: ジャイさんの買い方
B23: ◎ | D23: 〇 | E23: ▲ | G23: △ | H23: △ | I23: △ | J23: △ | K23: △ | L23: △ | M23: △ | N23: △ | O23: △ | P23: △ | Q23: △
A24: ① 1-2-11（22点） | B24: 1 | C24: 〉〉〉 | D24: 2 | E24: 3 | F24: 〉〉〉 | G24: 4 | H24: 5 | I24: 6 | J24: 7 | K24: 8 | L24: 9 | M24: 10 | N24: 11 | O24: 12 | P24: 13 | Q24: 14
B25: =VLOOKUP(B24,オッズデータ入力!$AA$8:$AB$25,2,FALSE) | D25: =VLOOKUP(D24,オッズデータ入力!$AA$8:$AB$25,2,FALSE) | E25: =VLOOKUP(E24,オッズデータ入力!$AA$8:$AB$25,2,FALSE) | G25: =VLOOKUP(G24,オッズデータ入力!$AA$8:$AB$25,2,FALSE) | H25: =VLOOKUP(H24,オッズデータ入力!$AA$8:$AB$25,2,FALSE) | I25: =VLOOKUP(I24,オッズデータ入力!$AA$8:$AB$25,2,FALSE) | J25: =VLOOKUP(J24,オッズデータ入力!$AA$8:$AB$25,2,FALSE) | K25: =VLOOKUP(K24,オッズデータ入力!$AA$8:$AB$25,2,FALSE) | L25: =VLOOKUP(L24,オッズデータ入力!$AA$8:$AB$25,2,FALSE) | M25: =VLOOKUP(M24,オッズデータ入力!$AA$8:$AB$25,2,FALSE) | N25: =VLOOKUP(N24,オッズデータ入力!$AA$8:$AB$25,2,FALSE) | ... Q25: =VLOOKUP(Q24,オッズデータ入力!$AA$8:$AB$25,2,FALSE)
B27: ◎ | D27: △ | E27: △ | F27: △ | G27: △ | H27: △ | I27: △ | J27: △ | K27: △ | L27: △ | M27: △ | N27: △ | P27: 〇 | Q27: ▲
A28: ② 1-11-2（22点） | B28: 1 | C28: 〉〉〉 | D28: 4 | E28: 5 | F28: 6 | G28: 7 | H28: 8 | I28: 9 | J28: 10 | K28: 11 | L28: 12 | M28: 13 | N28: 14 | O28: 〉〉〉 | P28: 2 | Q28: 3
B29: =VLOOKUP(B28,オッズデータ入力!$AA$8:$AB$25,2,FALSE) | D29: =VLOOKUP(D28,オッズデータ入力!$AA$8:$AB$25,2,FALSE) | E29: =VLOOKUP(E28,オッズデータ入力!$AA$8:$AB$25,2,FALSE) | F29: =VLOOKUP(F28,オッズデータ入力!$AA$8:$AB$25,2,FALSE) | G29: =VLOOKUP(G28,オッズデータ入力!$AA$8:$AB$25,2,FALSE) | H29: =VLOOKUP(H28,オッズデータ入力!$AA$8:$AB$25,2,FALSE) | I29: =VLOOKUP(I28,オッズデータ入力!$AA$8:$AB$25,2,FALSE) | J29: =VLOOKUP(J28,オッズデータ入力!$AA$8:$AB$25,2,FALSE) | K29: =VLOOKUP(K28,オッズデータ入力!$AA$8:$AB$25,2,FALSE) | ... N29: =VLOOKUP(N28,オッズデータ入力!$AA$8:$AB$25,2,FALSE) | P29: =VLOOKUP(P28,オッズデータ入力!$AA$8:$AB$25,2,FALSE) | Q29: =VLOOKUP(Q28,オッズデータ入力!$AA$8:$AB$25,2,FALSE)
B31: 〇 | C31: ▲ | E31: ◎ | G31: △ | H31: △ | I31: △ | J31: △ | K31: △ | L31: △ | M31: △ | N31: △ | O31: △ | P31: △ | Q31: △
A32: ③ 2-1-11（22点） | B32: 2 | C32: 3 | D32: 〉〉〉 | E32: 1 | F32: 〉〉〉 | G32: 4 | H32: 5 | I32: 6 | J32: 7 | K32: 8 | L32: 9 | M32: 10 | N32: 11 | O32: 12 | P32: 13 | Q32: 14
B33: =VLOOKUP(B32,オッズデータ入力!$AA$8:$AB$25,2,FALSE) | C33: =VLOOKUP(C32,オッズデータ入力!$AA$8:$AB$25,2,FALSE) | E33: =VLOOKUP(E32,オッズデータ入力!$AA$8:$AB$25,2,FALSE) | G33: =VLOOKUP(G32,オッズデータ入力!$AA$8:$AB$25,2,FALSE) | H33: =VLOOKUP(H32,オッズデータ入力!$AA$8:$AB$25,2,FALSE) | I33: =VLOOKUP(I32,オッズデータ入力!$AA$8:$AB$25,2,FALSE) | J33: =VLOOKUP(J32,オッズデータ入力!$AA$8:$AB$25,2,FALSE) | K33: =VLOOKUP(K32,オッズデータ入力!$AA$8:$AB$25,2,FALSE) | L33: =VLOOKUP(L32,オッズデータ入力!$AA$8:$AB$25,2,FALSE) | M33: =VLOOKUP(M32,オッズデータ入力!$AA$8:$AB$25,2,FALSE) | N33: =VLOOKUP(N32,オッズデータ入力!$AA$8:$AB$25,2,FALSE) | ... Q33: =VLOOKUP(Q32,オッズデータ入力!$AA$8:$AB$25,2,FALSE)
B35: 〇 | C35: ▲ | E35: △ | F35: △ | G35: △ | H35: △ | I35: △ | J35: △ | K35: △ | L35: △ | M35: △ | N35: △ | O35: △ | Q35: ◎
A36: ④ 2-11-1（22点） | B36: 2 | C36: 3 | D36: 〉〉〉 | E36: 4 | F36: 5 | G36: 6 | H36: 7 | I36: 8 | J36: 9 | K36: 10 | L36: 11 | M36: 12 | N36: 13 | O36: 14 | P36: 〉〉〉 | Q36: 1
B37: =VLOOKUP(B36,オッズデータ入力!$AA$8:$AB$25,2,FALSE) | C37: =VLOOKUP(C36,オッズデータ入力!$AA$8:$AB$25,2,FALSE) | E37: =VLOOKUP(E36,オッズデータ入力!$AA$8:$AB$25,2,FALSE) | F37: =VLOOKUP(F36,オッズデータ入力!$AA$8:$AB$25,2,FALSE) | G37: =VLOOKUP(G36,オッズデータ入力!$AA$8:$AB$25,2,FALSE) | H37: =VLOOKUP(H36,オッズデータ入力!$AA$8:$AB$25,2,FALSE) | I37: =VLOOKUP(I36,オッズデータ入力!$AA$8:$AB$25,2,FALSE) | J37: =VLOOKUP(J36,オッズデータ入力!$AA$8:$AB$25,2,FALSE) | K37: =VLOOKUP(K36,オッズデータ入力!$AA$8:$AB$25,2,FALSE) | L37: =VLOOKUP(L36,オッズデータ入力!$AA$8:$AB$25,2,FALSE) | ... O37: =VLOOKUP(O36,オッズデータ入力!$AA$8:$AB$25,2,FALSE) | Q37: =VLOOKUP(Q36,オッズデータ入力!$AA$8:$AB$25,2,FALSE)
B39: △ | C39: △ | D39: △ | E39: △ | F39: △ | G39: △ | H39: △ | I39: △ | J39: △ | K39: △ | L39: △ | N39: 〇 | O39: ▲ | Q39: ◎
A40: ⑤ 11-2-1（22点） | B40: 4 | C40: 5 | D40: 6 | E40: 7 | F40: 8 | G40: 9 | H40: 10 | I40: 11 | J40: 12 | K40: 13 | L40: 14 | M40: 〉〉〉 | N40: 2 | O40: 3 | P40: 〉〉〉 | Q40: 1
B41: =VLOOKUP(B40,オッズデータ入力!$AA$8:$AB$25,2,FALSE) | C41: =VLOOKUP(C40,オッズデータ入力!$AA$8:$AB$25,2,FALSE) | D41: =VLOOKUP(D40,オッズデータ入力!$AA$8:$AB$25,2,FALSE) | E41: =VLOOKUP(E40,オッズデータ入力!$AA$8:$AB$25,2,FALSE) | F41: =VLOOKUP(F40,オッズデータ入力!$AA$8:$AB$25,2,FALSE) | G41: =VLOOKUP(G40,オッズデータ入力!$AA$8:$AB$25,2,FALSE) | H41: =VLOOKUP(H40,オッズデータ入力!$AA$8:$AB$25,2,FALSE) | I41: =VLOOKUP(I40,オッズデータ入力!$AA$8:$AB$25,2,FALSE) | ... L41: =VLOOKUP(L40,オッズデータ入力!$AA$8:$AB$25,2,FALSE) | N41: =VLOOKUP(N40,オッズデータ入力!$AA$8:$AB$25,2,FALSE) | O41: =VLOOKUP(O40,オッズデータ入力!$AA$8:$AB$25,2,FALSE) | Q41: =VLOOKUP(Q40,オッズデータ入力!$AA$8:$AB$25,2,FALSE)
B43: △ | C43: △ | D43: △ | E43: △ | F43: △ | G43: △ | H43: △ | I43: △ | J43: △ | K43: △ | L43: △ | N43: ◎ | P43: 〇 | Q43: ▲
A44: ⑥ 11-1-2（22点） | B44: 4 | C44: 5 | D44: 6 | E44: 7 | F44: 8 | G44: 9 | H44: 10 | I44: 11 | J44: 12 | K44: 13 | L44: 14 | M44: 〉〉〉 | N44: 1 | O44: 〉〉〉 | P44: 2 | Q44: 3
B45: =VLOOKUP(B44,オッズデータ入力!$AA$8:$AB$25,2,FALSE) | C45: =VLOOKUP(C44,オッズデータ入力!$AA$8:$AB$25,2,FALSE) | D45: =VLOOKUP(D44,オッズデータ入力!$AA$8:$AB$25,2,FALSE) | E45: =VLOOKUP(E44,オッズデータ入力!$AA$8:$AB$25,2,FALSE) | F45: =VLOOKUP(F44,オッズデータ入力!$AA$8:$AB$25,2,FALSE) | G45: =VLOOKUP(G44,オッズデータ入力!$AA$8:$AB$25,2,FALSE) | H45: =VLOOKUP(H44,オッズデータ入力!$AA$8:$AB$25,2,FALSE) | I45: =VLOOKUP(I44,オッズデータ入力!$AA$8:$AB$25,2,FALSE) | ... L45: =VLOOKUP(L44,オッズデータ入力!$AA$8:$AB$25,2,FALSE) | N45: =VLOOKUP(N44,オッズデータ入力!$AA$8:$AB$25,2,FALSE) | P45: =VLOOKUP(P44,オッズデータ入力!$AA$8:$AB$25,2,FALSE) | Q45: =VLOOKUP(Q44,オッズデータ入力!$AA$8:$AB$25,2,FALSE)

Sheet WIN４ 3連単フォーメーション 
A1: WIN４ 3連単フォーメーション
B2: ◎ | D2: 〇 | E2: ▲ | G2: 〇 | H2: ▲ | I2: △ | J2: ★ | K2: ☆ | L2: ◆
A3: ① 1-2-6（10点） | B3: 1 | C3: 〉〉〉 | D3: 2 | E3: 3 | F3: 〉〉〉 | G3: 2 | H3: 3 | I3: 4 | J3: 5 | K3: 6 | L3: 7
B4: =VLOOKUP(B3,オッズデータ入力!$AM$8:$AN$25,2,FALSE) | D4: =VLOOKUP(D3,オッズデータ入力!$AM$8:$AN$25,2,FALSE) | E4: =VLOOKUP(E3,オッズデータ入力!$AM$8:$AN$25,2,FALSE) | G4: =VLOOKUP(G3,オッズデータ入力!$AM$8:$AN$25,2,FALSE) | H4: =VLOOKUP(H3,オッズデータ入力!$AM$8:$AN$25,2,FALSE) | I4: =VLOOKUP(I3,オッズデータ入力!$AM$8:$AN$25,2,FALSE) | J4: =VLOOKUP(J3,オッズデータ入力!$AM$8:$AN$25,2,FALSE) | K4: =VLOOKUP(K3,オッズデータ入力!$AM$8:$AN$25,2,FALSE) | L4: =VLOOKUP(L3,オッズデータ入力!$AM$8:$AN$25,2,FALSE)
B5: ※ １着に自信あり、２着候補も絞れている場合（２着に中穴を入れておく）
B7: ◎ | D7: 〇 | E7: ▲ | F7: △ | H7: 〇 | I7: ▲ | J7: △ | K7: ★ | L7: ☆ | M7: ◆ | N7: ◇
A8: ② 1-3-7（18点） | B8: 1 | C8: 〉〉〉 | D8: 2 | E8: 3 | F8: 4 | G8: 〉〉〉 | H8: 2 | I8: 3 | J8: 4 | K8: 5 | L8: 6 | M8: 7 | N8: 8
B9: =VLOOKUP(B8,オッズデータ入力!$AM$8:$AN$25,2,FALSE) | D9: =VLOOKUP(D8,オッズデータ入力!$AM$8:$AN$25,2,FALSE) | E9: =VLOOKUP(E8,オッズデータ入力!$AM$8:$AN$25,2,FALSE) | F9: =VLOOKUP(F8,オッズデータ入力!$AM$8:$AN$25,2,FALSE) | H9: =VLOOKUP(H8,オッズデータ入力!$AM$8:$AN$25,2,FALSE) | I9: =VLOOKUP(I8,オッズデータ入力!$AM$8:$AN$25,2,FALSE) | J9: =VLOOKUP(J8,オッズデータ入力!$AM$8:$AN$25,2,FALSE) | K9: =VLOOKUP(K8,オッズデータ入力!$AM$8:$AN$25,2,FALSE) | L9: =VLOOKUP(L8,オッズデータ入力!$AM$8:$AN$25,2,FALSE) | M9: =VLOOKUP(M8,オッズデータ入力!$AM$8:$AN$25,2,FALSE) | N9: =VLOOKUP(N8,オッズデータ入力!$AM$8:$AN$25,2,FALSE)
B10: ※ 2着候補を3頭まで増やせる買い方（3着候補を7頭まで選べる）
A12: ③ 2-2-5（10点） | B12: ◎ | C12: 〇 | E12: ◎ | F12: 〇 | H12: ▲ | I12: △ | J12: ★ | K12: ☆ | L12: ◆
B13: 1 | C13: 2 | D13: 〉〉〉 | E13: 1 | F13: 2 | G13: 〉〉〉 | H13: 3 | I13: 4 | J13: 5 | K13: 6 | L13: 7
B14: =VLOOKUP(B13,オッズデータ入力!$AM$8:$AN$25,2,FALSE) | C14: =VLOOKUP(C13,オッズデータ入力!$AM$8:$AN$25,2,FALSE) | E14: =VLOOKUP(E13,オッズデータ入力!$AM$8:$AN$25,2,FALSE) | F14: =VLOOKUP(F13,オッズデータ入力!$AM$8:$AN$25,2,FALSE) | H14: =VLOOKUP(H13,オッズデータ入力!$AM$8:$AN$25,2,FALSE) | I14: =VLOOKUP(I13,オッズデータ入力!$AM$8:$AN$25,2,FALSE) | J14: =VLOOKUP(J13,オッズデータ入力!$AM$8:$AN$25,2,FALSE) | K14: =VLOOKUP(K13,オッズデータ入力!$AM$8:$AN$25,2,FALSE) | L14: =VLOOKUP(L13,オッズデータ入力!$AM$8:$AN$25,2,FALSE)
B15: ※ 2頭が抜けていると判断した時
A17: ④ 2-4-6（24点） | B17: ◎ | C17: 〇 | E17: ◎ | F17: 〇 | G17: ▲ | H17: △ | J17: ◎ | K17: 〇 | L17: ▲ | M17: △ | N17: ★ | O17: ☆
B18: 1 | C18: 2 | D18: 〉〉〉 | E18: 1 | F18: 2 | G18: 3 | H18: 4 | I18: 〉〉〉 | J18: 1 | K18: 2 | L18: 3 | M18: 4 | N18: 5 | O18: 6
B19: =VLOOKUP(B18,オッズデータ入力!$AM$8:$AN$25,2,FALSE) | C19: =VLOOKUP(C18,オッズデータ入力!$AM$8:$AN$25,2,FALSE) | E19: =VLOOKUP(E18,オッズデータ入力!$AM$8:$AN$25,2,FALSE) | F19: =VLOOKUP(F18,オッズデータ入力!$AM$8:$AN$25,2,FALSE) | G19: =VLOOKUP(G18,オッズデータ入力!$AM$8:$AN$25,2,FALSE) | H19: =VLOOKUP(H18,オッズデータ入力!$AM$8:$AN$25,2,FALSE) | J19: =VLOOKUP(J18,オッズデータ入力!$AM$8:$AN$25,2,FALSE) | K19: =VLOOKUP(K18,オッズデータ入力!$AM$8:$AN$25,2,FALSE) | L19: =VLOOKUP(L18,オッズデータ入力!$AM$8:$AN$25,2,FALSE) | M19: =VLOOKUP(M18,オッズデータ入力!$AM$8:$AN$25,2,FALSE) | N19: =VLOOKUP(N18,オッズデータ入力!$AM$8:$AN$25,2,FALSE) | O19: =VLOOKUP(O18,オッズデータ入力!$AM$8:$AN$25,2,FALSE)
B20: ※ 2着候補を4頭まで選べる
A22: ジャイさんの買い方
B23: ◎ | D23: 〇 | E23: ▲ | G23: △ | H23: △ | I23: △ | J23: △ | K23: △ | L23: △ | M23: △ | N23: △ | O23: △ | P23: △ | Q23: △
A24: ① 1-2-11（22点） | B24: 1 | C24: 〉〉〉 | D24: 2 | E24: 3 | F24: 〉〉〉 | G24: 4 | H24: 5 | I24: 6 | J24: 7 | K24: 8 | L24: 9 | M24: 10 | N24: 11 | O24: 12 | P24: 13 | Q24: 14
B25: =VLOOKUP(B24,オッズデータ入力!$AM$8:$AN$25,2,FALSE) | D25: =VLOOKUP(D24,オッズデータ入力!$AM$8:$AN$25,2,FALSE) | E25: =VLOOKUP(E24,オッズデータ入力!$AM$8:$AN$25,2,FALSE) | G25: =VLOOKUP(G24,オッズデータ入力!$AM$8:$AN$25,2,FALSE) | H25: =VLOOKUP(H24,オッズデータ入力!$AM$8:$AN$25,2,FALSE) | I25: =VLOOKUP(I24,オッズデータ入力!$AM$8:$AN$25,2,FALSE) | J25: =VLOOKUP(J24,オッズデータ入力!$AM$8:$AN$25,2,FALSE) | K25: =VLOOKUP(K24,オッズデータ入力!$AM$8:$AN$25,2,FALSE) | L25: =VLOOKUP(L24,オッズデータ入力!$AM$8:$AN$25,2,FALSE) | M25: =VLOOKUP(M24,オッズデータ入力!$AM$8:$AN$25,2,FALSE) | N25: =VLOOKUP(N24,オッズデータ入力!$AM$8:$AN$25,2,FALSE) | ... Q25: =VLOOKUP(Q24,オッズデータ入力!$AM$8:$AN$25,2,FALSE)
B27: ◎ | D27: △ | E27: △ | F27: △ | G27: △ | H27: △ | I27: △ | J27: △ | K27: △ | L27: △ | M27: △ | N27: △ | P27: 〇 | Q27: ▲
A28: ② 1-11-2（22点） | B28: 1 | C28: 〉〉〉 | D28: 4 | E28: 5 | F28: 6 | G28: 7 | H28: 8 | I28: 9 | J28: 10 | K28: 11 | L28: 12 | M28: 13 | N28: 14 | O28: 〉〉〉 | P28: 2 | Q28: 3
B29: =VLOOKUP(B28,オッズデータ入力!$AM$8:$AN$25,2,FALSE) | D29: =VLOOKUP(D28,オッズデータ入力!$AM$8:$AN$25,2,FALSE) | E29: =VLOOKUP(E28,オッズデータ入力!$AM$8:$AN$25,2,FALSE) | F29: =VLOOKUP(F28,オッズデータ入力!$AM$8:$AN$25,2,FALSE) | G29: =VLOOKUP(G28,オッズデータ入力!$AM$8:$AN$25,2,FALSE) | H29: =VLOOKUP(H28,オッズデータ入力!$AM$8:$AN$25,2,FALSE) | I29: =VLOOKUP(I28,オッズデータ入力!$AM$8:$AN$25,2,FALSE) | J29: =VLOOKUP(J28,オッズデータ入力!$AM$8:$AN$25,2,FALSE) | K29: =VLOOKUP(K28,オッズデータ入力!$AM$8:$AN$25,2,FALSE) | ... N29: =VLOOKUP(N28,オッズデータ入力!$AM$8:$AN$25,2,FALSE) | P29: =VLOOKUP(P28,オッズデータ入力!$AM$8:$AN$25,2,FALSE) | Q29: =VLOOKUP(Q28,オッズデータ入力!$AM$8:$AN$25,2,FALSE)
B31: 〇 | C31: ▲ | E31: ◎ | G31: △ | H31: △ | I31: △ | J31: △ | K31: △ | L31: △ | M31: △ | N31: △ | O31: △ | P31: △ | Q31: △
A32: ③ 2-1-11（22点） | B32: 2 | C32: 3 | D32: 〉〉〉 | E32: 1 | F32: 〉〉〉 | G32: 4 | H32: 5 | I32: 6 | J32: 7 | K32: 8 | L32: 9 | M32: 10 | N32: 11 | O32: 12 | P32: 13 | Q32: 14
B33: =VLOOKUP(B32,オッズデータ入力!$AM$8:$AN$25,2,FALSE) | C33: =VLOOKUP(C32,オッズデータ入力!$AM$8:$AN$25,2,FALSE) | E33: =VLOOKUP(E32,オッズデータ入力!$AM$8:$AN$25,2,FALSE) | G33: =VLOOKUP(G32,オッズデータ入力!$AM$8:$AN$25,2,FALSE) | H33: =VLOOKUP(H32,オッズデータ入力!$AM$8:$AN$25,2,FALSE) | I33: =VLOOKUP(I32,オッズデータ入力!$AM$8:$AN$25,2,FALSE) | J33: =VLOOKUP(J32,オッズデータ入力!$AM$8:$AN$25,2,FALSE) | K33: =VLOOKUP(K32,オッズデータ入力!$AM$8:$AN$25,2,FALSE) | L33: =VLOOKUP(L32,オッズデータ入力!$AM$8:$AN$25,2,FALSE) | M33: =VLOOKUP(M32,オッズデータ入力!$AM$8:$AN$25,2,FALSE) | N33: =VLOOKUP(N32,オッズデータ入力!$AM$8:$AN$25,2,FALSE) | ... Q33: =VLOOKUP(Q32,オッズデータ入力!$AM$8:$AN$25,2,FALSE)
B35: 〇 | C35: ▲ | E35: △ | F35: △ | G35: △ | H35: △ | I35: △ | J35: △ | K35: △ | L35: △ | M35: △ | N35: △ | O35: △ | Q35: ◎
A36: ④ 2-11-1（22点） | B36: 2 | C36: 3 | D36: 〉〉〉 | E36: 4 | F36: 5 | G36: 6 | H36: 7 | I36: 8 | J36: 9 | K36: 10 | L36: 11 | M36: 12 | N36: 13 | O36: 14 | P36: 〉〉〉 | Q36: 1
B37: =VLOOKUP(B36,オッズデータ入力!$AM$8:$AN$25,2,FALSE) | C37: =VLOOKUP(C36,オッズデータ入力!$AM$8:$AN$25,2,FALSE) | E37: =VLOOKUP(E36,オッズデータ入力!$AM$8:$AN$25,2,FALSE) | F37: =VLOOKUP(F36,オッズデータ入力!$AM$8:$AN$25,2,FALSE) | G37: =VLOOKUP(G36,オッズデータ入力!$AM$8:$AN$25,2,FALSE) | H37: =VLOOKUP(H36,オッズデータ入力!$AM$8:$AN$25,2,FALSE) | I37: =VLOOKUP(I36,オッズデータ入力!$AM$8:$AN$25,2,FALSE) | J37: =VLOOKUP(J36,オッズデータ入力!$AM$8:$AN$25,2,FALSE) | K37: =VLOOKUP(K36,オッズデータ入力!$AM$8:$AN$25,2,FALSE) | L37: =VLOOKUP(L36,オッズデータ入力!$AM$8:$AN$25,2,FALSE) | ... O37: =VLOOKUP(O36,オッズデータ入力!$AM$8:$AN$25,2,FALSE) | Q37: =VLOOKUP(Q36,オッズデータ入力!$AM$8:$AN$25,2,FALSE)
B39: △ | C39: △ | D39: △ | E39: △ | F39: △ | G39: △ | H39: △ | I39: △ | J39: △ | K39: △ | L39: △ | N39: 〇 | O39: ▲ | Q39: ◎
A40: ⑤ 11-2-1（22点） | B40: 4 | C40: 5 | D40: 6 | E40: 7 | F40: 8 | G40: 9 | H40: 10 | I40: 11 | J40: 12 | K40: 13 | L40: 14 | M40: 〉〉〉 | N40: 2 | O40: 3 | P40: 〉〉〉 | Q40: 1
B41: =VLOOKUP(B40,オッズデータ入力!$AM$8:$AN$25,2,FALSE) | C41: =VLOOKUP(C40,オッズデータ入力!$AM$8:$AN$25,2,FALSE) | D41: =VLOOKUP(D40,オッズデータ入力!$AM$8:$AN$25,2,FALSE) | E41: =VLOOKUP(E40,オッズデータ入力!$AM$8:$AN$25,2,FALSE) | F41: =VLOOKUP(F40,オッズデータ入力!$AM$8:$AN$25,2,FALSE) | G41: =VLOOKUP(G40,オッズデータ入力!$AM$8:$AN$25,2,FALSE) | H41: =VLOOKUP(H40,オッズデータ入力!$AM$8:$AN$25,2,FALSE) | I41: =VLOOKUP(I40,オッズデータ入力!$AM$8:$AN$25,2,FALSE) | ... L41: =VLOOKUP(L40,オッズデータ入力!$AM$8:$AN$25,2,FALSE) | N41: =VLOOKUP(N40,オッズデータ入力!$AM$8:$AN$25,2,FALSE) | O41: =VLOOKUP(O40,オッズデータ入力!$AM$8:$AN$25,2,FALSE) | Q41: =VLOOKUP(Q40,オッズデータ入力!$AM$8:$AN$25,2,FALSE)
B43: △ | C43: △ | D43: △ | E43: △ | F43: △ | G43: △ | H43: △ | I43: △ | J43: △ | K43: △ | L43: △ | N43: ◎ | P43: 〇 | Q43: ▲
A44: ⑥ 11-1-2（22点） | B44: 4 | C44: 5 | D44: 6 | E44: 7 | F44: 8 | G44: 9 | H44: 10 | I44: 11 | J44: 12 | K44: 13 | L44: 14 | M44: 〉〉〉 | N44: 1 | O44: 〉〉〉 | P44: 2 | Q44: 3
B45: =VLOOKUP(B44,オッズデータ入力!$AM$8:$AN$25,2,FALSE) | C45: =VLOOKUP(C44,オッズデータ入力!$AM$8:$AN$25,2,FALSE) | D45: =VLOOKUP(D44,オッズデータ入力!$AM$8:$AN$25,2,FALSE) | E45: =VLOOKUP(E44,オッズデータ入力!$AM$8:$AN$25,2,FALSE) | F45: =VLOOKUP(F44,オッズデータ入力!$AM$8:$AN$25,2,FALSE) | G45: =VLOOKUP(G44,オッズデータ入力!$AM$8:$AN$25,2,FALSE) | H45: =VLOOKUP(H44,オッズデータ入力!$AM$8:$AN$25,2,FALSE) | I45: =VLOOKUP(I44,オッズデータ入力!$AM$8:$AN$25,2,FALSE) | ... L45: =VLOOKUP(L44,オッズデータ入力!$AM$8:$AN$25,2,FALSE) | N45: =VLOOKUP(N44,オッズデータ入力!$AM$8:$AN$25,2,FALSE) | P45: =VLOOKUP(P44,オッズデータ入力!$AM$8:$AN$25,2,FALSE) | Q45: =VLOOKUP(Q44,オッズデータ入力!$AM$8:$AN$25,2,FALSE)

Sheet WIN５ 3連単フォーメーション 
A1: WIN５ 3連単フォーメーション
B2: ◎ | D2: 〇 | E2: ▲ | G2: 〇 | H2: ▲ | I2: △ | J2: ★ | K2: ☆ | L2: ◆
A3: ① 1-2-6（10点） | B3: 1 | C3: 〉〉〉 | D3: 2 | E3: 3 | F3: 〉〉〉 | G3: 2 | H3: 3 | I3: 4 | J3: 5 | K3: 6 | L3: 7
B4: =VLOOKUP(B3,オッズデータ入力!$AY$8:$AZ$25,2,FALSE) | D4: =VLOOKUP(D3,オッズデータ入力!$AY$8:$AZ$25,2,FALSE) | E4: =VLOOKUP(E3,オッズデータ入力!$AY$8:$AZ$25,2,FALSE) | G4: =VLOOKUP(G3,オッズデータ入力!$AY$8:$AZ$25,2,FALSE) | H4: =VLOOKUP(H3,オッズデータ入力!$AY$8:$AZ$25,2,FALSE) | I4: =VLOOKUP(I3,オッズデータ入力!$AY$8:$AZ$25,2,FALSE) | J4: =VLOOKUP(J3,オッズデータ入力!$AY$8:$AZ$25,2,FALSE) | K4: =VLOOKUP(K3,オッズデータ入力!$AY$8:$AZ$25,2,FALSE) | L4: =VLOOKUP(L3,オッズデータ入力!$AY$8:$AZ$25,2,FALSE)
B5: ※ １着に自信あり、２着候補も絞れている場合（２着に中穴を入れておく）
B7: ◎ | D7: 〇 | E7: ▲ | F7: △ | H7: 〇 | I7: ▲ | J7: △ | K7: ★ | L7: ☆ | M7: ◆ | N7: ◇
A8: ② 1-3-7（18点） | B8: 1 | C8: 〉〉〉 | D8: 2 | E8: 3 | F8: 4 | G8: 〉〉〉 | H8: 2 | I8: 3 | J8: 4 | K8: 5 | L8: 6 | M8: 7 | N8: 8
B9: =VLOOKUP(B8,オッズデータ入力!$AY$8:$AZ$25,2,FALSE) | D9: =VLOOKUP(D8,オッズデータ入力!$AY$8:$AZ$25,2,FALSE) | E9: =VLOOKUP(E8,オッズデータ入力!$AY$8:$AZ$25,2,FALSE) | F9: =VLOOKUP(F8,オッズデータ入力!$AY$8:$AZ$25,2,FALSE) | H9: =VLOOKUP(H8,オッズデータ入力!$AY$8:$AZ$25,2,FALSE) | I9: =VLOOKUP(I8,オッズデータ入力!$AY$8:$AZ$25,2,FALSE) | J9: =VLOOKUP(J8,オッズデータ入力!$AY$8:$AZ$25,2,FALSE) | K9: =VLOOKUP(K8,オッズデータ入力!$AY$8:$AZ$25,2,FALSE) | L9: =VLOOKUP(L8,オッズデータ入力!$AY$8:$AZ$25,2,FALSE) | M9: =VLOOKUP(M8,オッズデータ入力!$AY$8:$AZ$25,2,FALSE) | N9: =VLOOKUP(N8,オッズデータ入力!$AY$8:$AZ$25,2,FALSE)
B10: ※ 2着候補を3頭まで増やせる買い方（3着候補を7頭まで選べる）
A12: ③ 2-2-5（10点） | B12: ◎ | C12: 〇 | E12: ◎ | F12: 〇 | H12: ▲ | I12: △ | J12: ★ | K12: ☆ | L12: ◆
B13: 1 | C13: 2 | D13: 〉〉〉 | E13: 1 | F13: 2 | G13: 〉〉〉 | H13: 3 | I13: 4 | J13: 5 | K13: 6 | L13: 7
B14: =VLOOKUP(B13,オッズデータ入力!$AY$8:$AZ$25,2,FALSE) | C14: =VLOOKUP(C13,オッズデータ入力!$AY$8:$AZ$25,2,FALSE) | E14: =VLOOKUP(E13,オッズデータ入力!$AY$8:$AZ$25,2,FALSE) | F14: =VLOOKUP(F13,オッズデータ入力!$AY$8:$AZ$25,2,FALSE) | H14: =VLOOKUP(H13,オッズデータ入力!$AY$8:$AZ$25,2,FALSE) | I14: =VLOOKUP(I13,オッズデータ入力!$AY$8:$AZ$25,2,FALSE) | J14: =VLOOKUP(J13,オッズデータ入力!$AY$8:$AZ$25,2,FALSE) | K14: =VLOOKUP(K13,オッズデータ入力!$AY$8:$AZ$25,2,FALSE) | L14: =VLOOKUP(L13,オッズデータ入力!$AY$8:$AZ$25,2,FALSE)
B15: ※ 2頭が抜けていると判断した時
A17: ④ 2-4-6（24点） | B17: ◎ | C17: 〇 | E17: ◎ | F17: 〇 | G17: ▲ | H17: △ | J17: ◎ | K17: 〇 | L17: ▲ | M17: △ | N17: ★ | O17: ☆
B18: 1 | C18: 2 | D18: 〉〉〉 | E18: 1 | F18: 2 | G18: 3 | H18: 4 | I18: 〉〉〉 | J18: 1 | K18: 2 | L18: 3 | M18: 4 | N18: 5 | O18: 6
B19: =VLOOKUP(B18,オッズデータ入力!$AY$8:$AZ$25,2,FALSE) | C19: =VLOOKUP(C18,オッズデータ入力!$AY$8:$AZ$25,2,FALSE) | E19: =VLOOKUP(E18,オッズデータ入力!$AY$8:$AZ$25,2,FALSE) | F19: =VLOOKUP(F18,オッズデータ入力!$AY$8:$AZ$25,2,FALSE) | G19: =VLOOKUP(G18,オッズデータ入力!$AY$8:$AZ$25,2,FALSE) | H19: =VLOOKUP(H18,オッズデータ入力!$AY$8:$AZ$25,2,FALSE) | J19: =VLOOKUP(J18,オッズデータ入力!$AY$8:$AZ$25,2,FALSE) | K19: =VLOOKUP(K18,オッズデータ入力!$AY$8:$AZ$25,2,FALSE) | L19: =VLOOKUP(L18,オッズデータ入力!$AY$8:$AZ$25,2,FALSE) | M19: =VLOOKUP(M18,オッズデータ入力!$AY$8:$AZ$25,2,FALSE) | N19: =VLOOKUP(N18,オッズデータ入力!$AY$8:$AZ$25,2,FALSE) | O19: =VLOOKUP(O18,オッズデータ入力!$AY$8:$AZ$25,2,FALSE)
B20: ※ 2着候補を4頭まで選べる
A22: ジャイさんの買い方
B23: ◎ | D23: 〇 | E23: ▲ | G23: △ | H23: △ | I23: △ | J23: △ | K23: △ | L23: △ | M23: △ | N23: △ | O23: △ | P23: △ | Q23: △
A24: ① 1-2-11（22点） | B24: 1 | C24: 〉〉〉 | D24: 2 | E24: 3 | F24: 〉〉〉 | G24: 4 | H24: 5 | I24: 6 | J24: 7 | K24: 8 | L24: 9 | M24: 10 | N24: 11 | O24: 12 | P24: 13 | Q24: 14
B25: =VLOOKUP(B24,オッズデータ入力!$AY$8:$AZ$25,2,FALSE) | D25: =VLOOKUP(D24,オッズデータ入力!$AY$8:$AZ$25,2,FALSE) | E25: =VLOOKUP(E24,オッズデータ入力!$AY$8:$AZ$25,2,FALSE) | G25: =VLOOKUP(G24,オッズデータ入力!$AY$8:$AZ$25,2,FALSE) | H25: =VLOOKUP(H24,オッズデータ入力!$AY$8:$AZ$25,2,FALSE) | I25: =VLOOKUP(I24,オッズデータ入力!$AY$8:$AZ$25,2,FALSE) | J25: =VLOOKUP(J24,オッズデータ入力!$AY$8:$AZ$25,2,FALSE) | K25: =VLOOKUP(K24,オッズデータ入力!$AY$8:$AZ$25,2,FALSE) | L25: =VLOOKUP(L24,オッズデータ入力!$AY$8:$AZ$25,2,FALSE) | M25: =VLOOKUP(M24,オッズデータ入力!$AY$8:$AZ$25,2,FALSE) | N25: =VLOOKUP(N24,オッズデータ入力!$AY$8:$AZ$25,2,FALSE) | ... Q25: =VLOOKUP(Q24,オッズデータ入力!$AY$8:$AZ$25,2,FALSE)
B27: ◎ | D27: △ | E27: △ | F27: △ | G27: △ | H27: △ | I27: △ | J27: △ | K27: △ | L27: △ | M27: △ | N27: △ | P27: 〇 | Q27: ▲
A28: ② 1-11-2（22点） | B28: 1 | C28: 〉〉〉 | D28: 4 | E28: 5 | F28: 6 | G28: 7 | H28: 8 | I28: 9 | J28: 10 | K28: 11 | L28: 12 | M28: 13 | N28: 14 | O28: 〉〉〉 | P28: 2 | Q28: 3
B29: =VLOOKUP(B28,オッズデータ入力!$AY$8:$AZ$25,2,FALSE) | D29: =VLOOKUP(D28,オッズデータ入力!$AY$8:$AZ$25,2,FALSE) | E29: =VLOOKUP(E28,オッズデータ入力!$AY$8:$AZ$25,2,FALSE) | F29: =VLOOKUP(F28,オッズデータ入力!$AY$8:$AZ$25,2,FALSE) | G29: =VLOOKUP(G28,オッズデータ入力!$AY$8:$AZ$25,2,FALSE) | H29: =VLOOKUP(H28,オッズデータ入力!$AY$8:$AZ$25,2,FALSE) | I29: =VLOOKUP(I28,オッズデータ入力!$AY$8:$AZ$25,2,FALSE) | J29: =VLOOKUP(J28,オッズデータ入力!$AY$8:$AZ$25,2,FALSE) | K29: =VLOOKUP(K28,オッズデータ入力!$AY$8:$AZ$25,2,FALSE) | ... N29: =VLOOKUP(N28,オッズデータ入力!$AY$8:$AZ$25,2,FALSE) | P29: =VLOOKUP(P28,オッズデータ入力!$AY$8:$AZ$25,2,FALSE) | Q29: =VLOOKUP(Q28,オッズデータ入力!$AY$8:$AZ$25,2,FALSE)
B31: 〇 | C31: ▲ | E31: ◎ | G31: △ | H31: △ | I31: △ | J31: △ | K31: △ | L31: △ | M31: △ | N31: △ | O31: △ | P31: △ | Q31: △
A32: ③ 2-1-11（22点） | B32: 2 | C32: 3 | D32: 〉〉〉 | E32: 1 | F32: 〉〉〉 | G32: 4 | H32: 5 | I32: 6 | J32: 7 | K32: 8 | L32: 9 | M32: 10 | N32: 11 | O32: 12 | P32: 13 | Q32: 14
B33: =VLOOKUP(B32,オッズデータ入力!$AY$8:$AZ$25,2,FALSE) | C33: =VLOOKUP(C32,オッズデータ入力!$AY$8:$AZ$25,2,FALSE) | E33: =VLOOKUP(E32,オッズデータ入力!$AY$8:$AZ$25,2,FALSE) | G33: =VLOOKUP(G32,オッズデータ入力!$AY$8:$AZ$25,2,FALSE) | H33: =VLOOKUP(H32,オッズデータ入力!$AY$8:$AZ$25,2,FALSE) | I33: =VLOOKUP(I32,オッズデータ入力!$AY$8:$AZ$25,2,FALSE) | J33: =VLOOKUP(J32,オッズデータ入力!$AY$8:$AZ$25,2,FALSE) | K33: =VLOOKUP(K32,オッズデータ入力!$AY$8:$AZ$25,2,FALSE) | L33: =VLOOKUP(L32,オッズデータ入力!$AY$8:$AZ$25,2,FALSE) | M33: =VLOOKUP(M32,オッズデータ入力!$AY$8:$AZ$25,2,FALSE) | N33: =VLOOKUP(N32,オッズデータ入力!$AY$8:$AZ$25,2,FALSE) | ... Q33: =VLOOKUP(Q32,オッズデータ入力!$AY$8:$AZ$25,2,FALSE)
B35: 〇 | C35: ▲ | E35: △ | F35: △ | G35: △ | H35: △ | I35: △ | J35: △ | K35: △ | L35: △ | M35: △ | N35: △ | O35: △ | Q35: ◎
A36: ④ 2-11-1（22点） | B36: 2 | C36: 3 | D36: 〉〉〉 | E36: 4 | F36: 5 | G36: 6 | H36: 7 | I36: 8 | J36: 9 | K36: 10 | L36: 11 | M36: 12 | N36: 13 | O36: 14 | P36: 〉〉〉 | Q36: 1
B37: =VLOOKUP(B36,オッズデータ入力!$AY$8:$AZ$25,2,FALSE) | C37: =VLOOKUP(C36,オッズデータ入力!$AY$8:$AZ$25,2,FALSE) | E37: =VLOOKUP(E36,オッズデータ入力!$AY$8:$AZ$25,2,FALSE) | F37: =VLOOKUP(F36,オッズデータ入力!$AY$8:$AZ$25,2,FALSE) | G37: =VLOOKUP(G36,オッズデータ入力!$AY$8:$AZ$25,2,FALSE) | H37: =VLOOKUP(H36,オッズデータ入力!$AY$8:$AZ$25,2,FALSE) | I37: =VLOOKUP(I36,オッズデータ入力!$AY$8:$AZ$25,2,FALSE) | J37: =VLOOKUP(J36,オッズデータ入力!$AY$8:$AZ$25,2,FALSE) | K37: =VLOOKUP(K36,オッズデータ入力!$AY$8:$AZ$25,2,FALSE) | L37: =VLOOKUP(L36,オッズデータ入力!$AY$8:$AZ$25,2,FALSE) | ... O37: =VLOOKUP(O36,オッズデータ入力!$AY$8:$AZ$25,2,FALSE) | Q37: =VLOOKUP(Q36,オッズデータ入力!$AY$8:$AZ$25,2,FALSE)
B39: △ | C39: △ | D39: △ | E39: △ | F39: △ | G39: △ | H39: △ | I39: △ | J39: △ | K39: △ | L39: △ | N39: 〇 | O39: ▲ | Q39: ◎
A40: ⑤ 11-2-1（22点） | B40: 4 | C40: 5 | D40: 6 | E40: 7 | F40: 8 | G40: 9 | H40: 10 | I40: 11 | J40: 12 | K40: 13 | L40: 14 | M40: 〉〉〉 | N40: 2 | O40: 3 | P40: 〉〉〉 | Q40: 1
B41: =VLOOKUP(B40,オッズデータ入力!$AY$8:$AZ$25,2,FALSE) | C41: =VLOOKUP(C40,オッズデータ入力!$AY$8:$AZ$25,2,FALSE) | D41: =VLOOKUP(D40,オッズデータ入力!$AY$8:$AZ$25,2,FALSE) | E41: =VLOOKUP(E40,オッズデータ入力!$AY$8:$AZ$25,2,FALSE) | F41: =VLOOKUP(F40,オッズデータ入力!$AY$8:$AZ$25,2,FALSE) | G41: =VLOOKUP(G40,オッズデータ入力!$AY$8:$AZ$25,2,FALSE) | H41: =VLOOKUP(H40,オッズデータ入力!$AY$8:$AZ$25,2,FALSE) | I41: =VLOOKUP(I40,オッズデータ入力!$AY$8:$AZ$25,2,FALSE) | ... L41: =VLOOKUP(L40,オッズデータ入力!$AY$8:$AZ$25,2,FALSE) | N41: =VLOOKUP(N40,オッズデータ入力!$AY$8:$AZ$25,2,FALSE) | O41: =VLOOKUP(O40,オッズデータ入力!$AY$8:$AZ$25,2,FALSE) | Q41: =VLOOKUP(Q40,オッズデータ入力!$AY$8:$AZ$25,2,FALSE)
B43: △ | C43: △ | D43: △ | E43: △ | F43: △ | G43: △ | H43: △ | I43: △ | J43: △ | K43: △ | L43: △ | N43: ◎ | P43: 〇 | Q43: ▲
A44: ⑥ 11-1-2（22点） | B44: 4 | C44: 5 | D44: 6 | E44: 7 | F44: 8 | G44: 9 | H44: 10 | I44: 11 | J44: 12 | K44: 13 | L44: 14 | M44: 〉〉〉 | N44: 1 | O44: 〉〉〉 | P44: 2 | Q44: 3
B45: =VLOOKUP(B44,オッズデータ入力!$AY$8:$AZ$25,2,FALSE) | C45: =VLOOKUP(C44,オッズデータ入力!$AY$8:$AZ$25,2,FALSE) | D45: =VLOOKUP(D44,オッズデータ入力!$AY$8:$AZ$25,2,FALSE) | E45: =VLOOKUP(E44,オッズデータ入力!$AY$8:$AZ$25,2,FALSE) | F45: =VLOOKUP(F44,オッズデータ入力!$AY$8:$AZ$25,2,FALSE) | G45: =VLOOKUP(G44,オッズデータ入力!$AY$8:$AZ$25,2,FALSE) | H45: =VLOOKUP(H44,オッズデータ入力!$AY$8:$AZ$25,2,FALSE) | I45: =VLOOKUP(I44,オッズデータ入力!$AY$8:$AZ$25,2,FALSE) | ... L45: =VLOOKUP(L44,オッズデータ入力!$AY$8:$AZ$25,2,FALSE) | N45: =VLOOKUP(N44,オッズデータ入力!$AY$8:$AZ$25,2,FALSE) | P45: =VLOOKUP(P44,オッズデータ入力!$AY$8:$AZ$25,2,FALSE) | Q45: =VLOOKUP(Q44,オッズデータ入力!$AY$8:$AZ$25,2,FALSE)

Sheet Sheet1
A1: 月 日 | C1: WIN5
B2: 1 | C2: 2 | D2: 3 | E2: 4 | F2: 5
A3: 1
A4: 2
A5: 3
A6: 4
A7: 5
A8: 6
A9: 7
A10: 8
A11: 9
A12: 10
A13: 11
A14: 12
... A32: 30
